지역,2012-07,2012-08,2012-09,2012-10,2012-11,2012-12,2013-01,2013-02,2013-03,2013-04,2013-05,2013-06,2013-07,2013-08,2013-09,2013-10,2013-11,2013-12,2014-01,2014-02,2014-03,2014-04,2014-05,2014-06,2014-07,2014-08,2014-09,2014-10,2014-11,2014-12,2015-01,2015-02,2015-03,2015-04,2015-05,2015-06,2015-07,2015-08,2015-09,2015-10,2015-11,2015-12,2016-01,2016-02,2016-03,2016-04,2016-05,2016-06,2016-07,2016-08,2016-09,2016-10,2016-11,2016-12,2017-01,2017-02,2017-03,2017-04,2017-05,2017-06,2017-07,2017-08,2017-09,2017-10,2017-11,2017-12,2018-01,2018-02,2018-03,2018-04,2018-05,2018-06,2018-07,2018-08,2018-09,2018-10,2018-11,2018-12,2019-01,2019-02,2019-03,2019-04,2019-05,2019-06,2019-07,2019-08,2019-09,2019-10,2019-11,2019-12,2020-01,2020-02,2020-03,2020-04,2020-05,2020-06,2020-07,2020-08,2020-09,2020-10,2020-11,2020-12,2021-01,2021-02,2021-03,2021-04,2021-05,2021-06,2021-07,2021-08,2021-09,2021-10,2021-11,2021-12,2022-01,2022-02,2022-03,2022-04,2022-05,2022-06,2022-07,2022-08
전국 ,80.51639916,82.88904396,84.05443126,84.62665736,86.09211445,85.78903307,85.26580159,86.48667504,88.08261234,92.41027789,93.71596146,92.20779221,90.06423684,89.28920542,92.48708281,96.64153051,96.52835988,95.22212909,95.94356261,96.98819699,97.55088195,96.07869742,95.75983718,96.5337132,96.63637597,98.15543198,100.759322,102,100.840678,99.98644068,100.1569177,101.0249733,103.4955929,104.6920919,104.0064103,104.1399573,103.9028564,104.139792,104.5708832,105.949717,105.9135185,102.2673424,100.983941,99.83546137,98.46649993,97.97288403,97.81492694,97.61748058,97.84783467,98.42701066,98.49884527,99.90377213,99.83320503,98.3320503,97.40505517,96.82448037,97.2414678,96.44828029,97.38024913,98.92825055,99.48016943,97.74185271,95.55427252,96.01616628,95.47087503,94.39758278,94.54236435,94.96411935,94.73120987,90.6710311,87.86352763,86.8563515,86.93188971,88.24121868,92.43358932,89.80234168,87.61802845,85.6666247,80.98300971,79.05946602,77.24514563,76.09223301,75.76456311,76.12257282,79.69660194,81.44417476,83.05619614,85.04369462,87.75033378,93.01881068,94.21778606,95.54818436,96.57821229,93.57250931,92.61231378,97.69633508,107.7835951,108.397324,107.3705643,106.5910413,110.3955788,116.4921466,118.5165794,120.104712,116.9866201,112.582897,112.3763816,117.425829,121.7414286,123.8814286,122.93,113.1457143,100.5342857,95.72118407,93.95857143,92.72428571,93.61428571,94.24412126,93.86,92.70571429,90.65571429,87.39
수도권 ,69.54314721,71.92258883,71.79568528,71.43083756,73.82614213,73.58819797,72.81091371,73.54060914,75.45223738,81.89764781,84.58359822,83.28035601,80.40368722,79.03687222,84.0591227,90.00317864,89.08137317,87.73045137,89.09344059,90.68688119,92.45049505,89.92883663,90.42388614,91.32116337,92.11014851,93.7654703,98.46844059,99.79888614,97.84962871,96.73576733,96.35288698,98.11885749,100.637285,103.2324939,103.1326781,103.3476658,103.9612942,103.7193831,104.8760206,107.0758996,106.2518899,102.8046568,101.3834291,101.3153916,100.5443,100.1663139,100.3326278,100.6652555,100.9827638,102.5098276,102.2613065,104.256577,103.6210464,102.4682235,100.066509,99.48270766,99.67484481,99.12008282,100.8143322,103.4763314,104.2899408,101.6701153,98.93585575,99.70440437,99.80786284,100.1967471,101.4296957,102.2560336,101.521511,95.9207765,92.48426023,92.27439664,93.27124869,97.96694648,106.8599161,101.3641133,97.79643232,94.70094439,87.98726115,84.30573248,82.10191083,80.56050955,80.61146497,82.12738854,87.8343949,91.0955414,93.71814475,97.06931702,98.96788991,105.7452229,105.803034,106.1822779,108.2049121,105.7909945,102.8052011,108.5299783,119.4196966,117.8003853,115.4225861,112.5812666,115.1095594,120.4069347,124.1993739,127.7991813,123.4288466,116.3135083,117.6017337,124.6809535,128.6561146,130.8618199,128.5387578,115.3346172,99.61783823,94.07498796,91.60447761,90.07883967,91.25541647,92.36533253,91.66165142,89.89528166,87.59328358,83.87999519
지방권 ,89.13531024,91.5026165,93.68303015,94.99127835,95.72638923,95.36737235,95.04358655,96.65006227,97.99501868,100.6475716,100.871731,99.20298879,97.63387298,97.32254047,99.09090909,101.8430884,102.3678963,101.0967099,101.2925827,101.9086736,101.5345578,100.8820686,99.92750121,100.6040106,100.1690413,101.5817435,102.5464639,103.7171132,103.1740285,102.5223268,103.0836484,103.2608696,105.694707,105.8156028,104.6786389,104.7495274,103.8578089,104.4638695,104.3356643,105.0815851,105.6526807,101.8531469,100.6759907,98.69463869,96.86480186,96.28205128,95.87412587,95.26806527,95.43123543,95.27972028,95.61323963,96.56540467,96.92813421,95.1598277,95.36386307,94.78576287,95.37519837,94.40036273,94.75056689,95.44321016,95.7946044,94.72908637,92.96077987,93.18748583,92.1446384,89.04623578,88.18687969,88.23529412,88.46526265,85.82667635,83.59961268,81.85669329,81.08206245,79.26652142,79.12127814,79.13338175,78.22561123,77.32994432,74.61181924,74.28736964,72.82734647,72.02780997,71.35573581,70.66048667,72.29432213,72.66512167,73.3603708,74.10776362,77.54924681,81.44264195,83.37652096,85.59923406,85.70060825,82.14124803,83.07614328,87.56753715,96.9045475,99.60603332,99.84241333,100.9905448,105.9882936,112.8320576,113.2035119,112.910851,110.9635299,109.0950023,107.490995,110.6427285,115.4917319,117.5723455,117.8606397,111.1673194,101.3625979,97.20922642,96.08627067,95.11531767,95.74630113,95.94212359,95.84693211,95.24586597,93.42362924,90.5624456
6대광역시 ,76.77104723,81.46817248,84.39425051,85.54928131,85.49794661,86.06262834,86.16529774,86.37063655,87.73100616,91.19609856,93.42915811,92.65913758,90.09240246,89.39938398,91.09342916,97.92094456,97.6899384,97.04825462,96.30272953,97.0471464,96.94789082,95.60794045,95.65756824,97.36972705,97.32009926,99.75186104,101.2903226,103.2506203,103.0272953,100.3225806,101.1302211,102.2358722,105.7739558,105.8968059,105.4791155,105.7739558,105.715658,106.0518732,106.0758886,107.9731028,108.2372719,103.2420749,101.7771374,99.5196926,97.55043228,97.38232469,97.59846302,97.76657061,97.23823247,97.74255524,96.29542237,99.339311,99.55167532,96.9089193,96.50778669,95.77630958,96.13025012,96.03586597,96.10665408,96.93251534,96.36621048,96.60217084,95.11562058,95.04483247,94.92685229,91.48613518,90.94454073,91.11785095,92.04939341,88.21490468,85.68024263,84.77036395,83.36221837,81.99740035,83.27556326,84.48873484,83.99046794,83.08058925,78.74842503,78.45443091,77.84544309,77.02645947,76.52246955,76.06047879,76.79546409,77.00545989,79.27341453,80.59638807,86.74926501,90.9701806,92.20211468,94.16429443,94.7742985,90.98210655,91.22610817,93.81862546,100.3660024,100.955673,102.3993493,105.0630338,111.8950793,119.296462,119.296462,121.2891419,118.6254575,114.5994307,112.5152501,116.50061,118.4919028,120.541498,119.7317814,111.5283401,99.03340081,95.67307692,93.44635628,91.548583,91.32591093,92.4291498,91.78137652,91.02732794,88.46153846,84.80263158
5대광역시 ,81.19122257,85.64263323,89.34169279,91.09717868,90.72100313,91.63009404,91.75548589,91.69278997,93.13479624,97.17868339,98.9968652,97.68025078,94.98432602,95.17241379,96.80250784,101.1912226,100.7210031,100.1567398,99.57446809,100.0607903,99.14893617,98.17629179,97.44680851,99.11854103,99.02735562,101.4589666,103.1914894,105.3191489,104.9848024,101.8541033,102.8580024,103.4897714,107.5511432,107.1600481,106.6787004,106.6486161,106.1134082,106.5564087,106.5268754,108.9190786,109.2439457,103.1010041,101.1518015,98.46426462,96.13112817,95.83579445,96.07206143,96.21972829,96.04252806,96.69226226,95.84302326,98.60465116,99.36046512,96.22093023,95.81395349,95.63953488,95.98837209,95.49418605,95.40697674,96.25,95.98837209,95.61046512,94.06976744,93.72093023,93.45930233,89.15531335,88.36512262,88.66485014,89.83651226,86.86648501,84.60490463,83.43324251,82.23433243,80.89918256,81.82561308,82.97002725,81.4986376,79.80926431,75.84477297,75.95036959,75.18479409,74.28722281,73.49524815,73.15205913,73.54804646,74.20802534,75.65997888,77.05913411,84.6092925,89.73072862,90.88461538,92.47435897,91.3974359,86.24358974,86.34615385,90.03846154,98.38461538,100.6666667,102.7948718,105.1282051,112.8974359,121.6153846,121.2307692,121.6923077,118.4358974,113.0769231,109.9871795,113.474359,116.3825151,118.1579285,116.7606717,110.2743238,98.20535829,94.41738239,92.45609537,90.86655557,91.03961031,91.66773491,91.42417639,90.77682348,88.73221382,85.09165492
9개도 ,85.50970874,86.83252427,87.64563107,88.36165049,89.92718447,89.49539059,88.85249879,90.36719706,92.09302326,95.83843329,96.499388,94.92044064,93.62301102,92.65605875,95.59363525,98.58017136,98.72705018,97.87025704,99.02674946,99.64771913,100.6388823,99.21781705,98.74014808,98.99092429,98.74135051,99.98210451,102.7976617,103.3703173,102.4397518,102.4755428,102.1817969,102.3689752,104.4045391,105.857912,105.1064577,104.9660739,104.3581708,104.6947539,104.659935,105.9714485,105.9598422,102.3560817,101.3463324,100.8008357,99.5821727,99.00185701,98.4911792,97.64391829,97.94568245,97.94568245,98.18407399,98.68035191,98.72546808,97.69907512,97.06744868,96.63884503,96.81930972,95.94899571,96.22854562,96.38907696,97.25795531,96.41326416,94.99210467,95.40942928,94.41687345,92.88231149,92.47122387,93.12896406,93.24641767,90.69767442,88.17242189,86.45759925,86.46934461,86.21094668,88.75968992,87.33850129,86.351891,84.67230444,81.53743613,80.13774717,77.29393468,75.99422351,75.40546545,75.6276383,78.76027549,79.50455454,80.31111111,80.73888889,81.61666667,85.28660298,87.81954887,91.07603093,92.84793814,91.14046392,91.15120275,96.11504615,106.0849968,107.0133076,106.0742649,106.3640266,109.01481,114.6597982,117.1817987,118.6091436,116.752522,112.7387851,113.0714746,117.5359519,123.1054029,125.2144827,124.3693188,114.6256766,101.8997038,96.7671093,95.64395874,94.91369625,96.00142988,96.16464941,95.99632315,95.09498519,93.34337657,90.22316413
8개도 ,94.37551696,95.36807279,96.54673284,97.55996691,99.02812242,97.58707512,96.91565254,99.72723458,101.0490978,102.853546,102.0142677,100.1888376,99.37054133,98.74108267,100.6294587,102.3289971,103.4410407,101.7415023,102.6412776,103.1122031,103.0917281,102.6822277,101.5561016,101.5765766,101.103843,101.7988553,102.5756337,102.7800491,102.2281276,103.1888798,103.7664408,103.3678756,104.703069,105.3250897,103.8860104,103.9258669,102.830941,103.608453,103.3891547,103.030303,103.6881978,101.3755981,100.5183413,99.023126,97.30861244,96.6307815,95.79346093,94.61722488,94.93620415,94.05901116,95.1394268,94.8489543,95.00387297,94.20991479,94.8489543,94.34546863,94.9070488,93.41595662,93.47152267,93.53214562,94.19054996,93.39659179,92.46707978,92.58326878,91.36328428,88.59767025,87.54480287,87.65681004,86.87275986,84.36379928,82.32526882,79.99551971,79.54749104,77.41935484,76.59050179,75.53763441,75.1344086,74.7311828,72.81864842,72.30538922,70.25235244,69.73909324,69.18306245,68.47733105,71.12917023,71.02224123,70.89392643,70.99016253,71.24679213,74.00556031,76.44230769,78.77141663,79.83702466,77.62223151,79.46092771,84.59933222,94.42821369,97.5375626,96.26460768,96.53589316,99.62437396,105.3213689,106.4899833,105.696995,105.0292154,106.0100167,105.884808,109.4115192,115.7119157,118.0735825,119.3910413,112.369474,103.9914121,99.86334797,99.12169415,98.50200059,99.45349858,99.4291012,99.47301649,98.94115351,97.21381868,95.11076413
서울 ,68.41385597,70.60164084,69.96353692,68.96080219,72.74384686,71.37648131,70.19143118,71.37648131,72.99270073,81.20989918,83.31805683,80.93492209,76.35197067,76.16865261,83.13473877,87.03024748,85.97616865,81.89734189,83.90778872,86.59355416,86.77260519,84.89256938,84.48970457,85.56401074,87.7126231,88.56311549,93.08415398,94.82990152,91.3831692,90.39838854,91.68157424,94.14132379,96.28801431,98.88193202,98.27817531,98.9490161,99.8881932,99.66457961,102.6386404,103.3765653,102.4597496,100.9615385,98.50178891,97.18246869,95.88550984,95.34883721,95.88550984,97.40608229,98.61359571,101.2075134,103.3980583,105.2515446,104.2806708,103.2215357,100.1103266,100,101.0150044,98.78640777,102.6083112,109.8056537,110.9982332,103.662842,99.38217123,99.91173875,101.1473963,104.0715373,107.0395738,107.6103501,103.7671233,94.10197869,90.14459665,91.09589041,93.98782344,105.3652968,120.5479452,106.8873668,97.86910198,92.88432268,82.15686275,75.52941176,75.01960784,74.11764706,75.09803922,78.03921569,88.62745098,96.43137255,99.33333333,107.9215686,110.8627451,123.5686275,118.7183201,111.6582187,111.006517,105.141202,99.0224475,108.9790007,125.2715424,124.8370746,119.0803765,108.5807386,111.4047791,117.3062998,121.6871832,123.4250543,115.532223,108.9790007,110.8616944,121.0354815,124.9519416,127.4798155,125.2787389,111.8031526,98.63514033,92.8200692,88.98500577,86.86082276,89.08112265,90.81122645,90.14801999,87.31257209,84.95770857,82.18954248
서울 강북지역,72.98025135,73.24955117,74.68581688,70.82585278,78.994614,77.28904847,73.33931777,75.13464991,75.85278276,77.19928187,78.45601436,78.27648115,77.73788151,78.00718133,79.71274686,80.96947935,79.53321364,76.03231598,77.63620387,78.86643234,79.6572935,78.07557118,78.60281195,80.27240773,80.71177504,81.59050967,86.68717047,88.79613357,85.72056239,86.24780316,86.49122807,90.35087719,92.89473684,95.35087719,95.04385965,95.57017544,97.6754386,96.53508772,99.73684211,102.2368421,102.8947368,98.99122807,96.00877193,95.0877193,92.63157895,92.36842105,92.19298246,93.15789474,93.24561404,94.47368421,98.09027778,97.39583333,97.30902778,96.44097222,94.83506944,94.96527778,96.00694444,97.78645833,98.34782609,106,109.2173913,101.9965278,98.09027778,96.70138889,97.04861111,95.40498442,96.02803738,99.2211838,98.36448598,87.85046729,85.04672897,89.33021807,92.36760125,100.3115265,114.1744548,105.1401869,97.58566978,95.56074766,81.75241158,76.52733119,76.12540193,76.12540193,76.52733119,77.73311897,86.65594855,94.69453376,98.63344051,104.9839228,107.5562701,117.1221865,113.6029412,112.8676471,110.8088235,103.6029412,97.27941176,109.7058824,128.0147059,127.8676471,122.2794118,114.2647059,114.7794118,121.1029412,126.1029412,127.4264706,116.9117647,107.8676471,109.3382353,120.5147059,125.9012539,129.0752351,124.5297806,108.6990596,98.37382445,91.77115987,88.02899687,85.79545455,87.65673981,88.63636364,86.97100313,82.79780564,79.03605016,76.07758621
서울 강북지역도심권,52.52525253,57.07070707,59.5959596,55.05050505,62.62626263,61.61616162,62.62626263,62.62626263,62.62626263,62.62626263,62.62626263,62.12121212,62.12121212,62.12121212,62.12121212,63.13131313,63.13131313,63.13131313,63.59223301,64.0776699,66.01941748,66.50485437,66.50485437,66.50485437,68.44660194,69.90291262,73.78640777,78.15533981,79.12621359,81.55339806,80.58252427,81.55339806,81.55339806,81.55339806,83.49514563,82.03883495,82.03883495,82.52427184,82.52427184,84.46601942,84.46601942,82.52427184,82.52427184,82.52427184,82.52427184,82.03883495,82.03883495,82.03883495,82.03883495,90.77669903,105.8252427,100.9708738,100.4854369,97.57281553,94.66019417,94.66019417,95.63106796,104.368932,104.368932,121.3592233,126.2135922,119.4174757,106.7961165,100.4854369,100,104.3010753,110.2150538,116.1290323,115.5913978,92.47311828,89.78494624,104.8387097,105.9139785,126.8817204,136.0215054,122.5806452,106.9892473,102.688172,83.33333333,69.27083333,70.3125,71.875,71.35416667,78.64583333,71.875,87.5,92.1875,94.79166667,104.6875,119.2708333,110.7142857,108.4821429,107.1428571,100.8928571,89.28571429,101.7857143,128.5714286,129.9107143,123.2142857,112.5,113.8392857,120.5357143,125,126.7857143,112.5,105.3571429,111.1607143,123.2142857,115.9442724,120.2786378,123.993808,112.3839009,99.07120743,90.40247678,87.46130031,84.82972136,88.39009288,90.86687307,89.78328173,87.30650155,82.97213622,77.86377709
서울 강북지역동북권,77.90697674,79.94186047,81.83139535,76.59883721,87.06395349,83.43023256,80.81395349,83.5755814,84.30232558,86.91860465,88.51744186,88.08139535,87.35465116,88.22674419,90.98837209,92.73255814,90.40697674,84.73837209,86.60458453,88.75358166,89.46991404,86.31805158,87.46418338,90.04297994,90.18624642,91.18911175,96.06017192,98.20916905,92.90830946,93.05157593,93.83954155,99.4269341,102.5787966,106.017192,105.0859599,106.0888252,109.3839542,107.0916905,112.034384,114.5415473,115.6160458,109.8137536,105.0859599,101.8624642,97.85100287,97.56446991,97.27793696,98.28080229,98.28080229,98.13753582,97.87535411,98.01699717,97.73371105,97.73371105,96.52974504,96.03399433,96.17563739,94.83002833,95.88068182,100.4261364,104.6875,98.01699717,96.31728045,95.60906516,95.60906516,92.17603912,91.68704156,93.64303178,92.29828851,84.84107579,84.10757946,87.89731051,90.70904645,95.11002445,112.7139364,105.0122249,100.7334963,98.8997555,86.73469388,84.43877551,83.67346939,83.41836735,84.18367347,83.41836735,92.09183673,97.83163265,101.5306122,108.6734694,109.3112245,116.5816327,113.8954869,113.8954869,110.807601,103.6817102,97.98099762,111.52019,128.1472684,128.2660333,121.4964371,113.7767221,114.1330166,120.4275534,126.6033254,128.0285036,120.783848,111.1638955,111.1638955,124.4655582,132.6347305,134.5508982,126.1976048,109.3113772,98.32335329,92.15568862,87.69461078,86.25748503,87.18562874,87.7245509,86.25748503,82.36526946,78.26347305,75.47904192
서울 강북지역서북권,75.87719298,67.10526316,66.22807018,67.10526316,68.85964912,72.36842105,60.0877193,60.52631579,61.84210526,60.52631579,61.84210526,62.71929825,62.28070175,60.96491228,60.96491228,60.96491228,60.96491228,60.96491228,63.24786325,62.39316239,62.39316239,63.67521368,62.82051282,63.24786325,63.24786325,63.24786325,70.08547009,70.08547009,70.08547009,70.08547009,69.91525424,71.18644068,74.15254237,75.84745763,75.42372881,76.27118644,76.69491525,77.54237288,78.38983051,81.3559322,81.3559322,81.3559322,80.93220339,86.01694915,86.01694915,86.01694915,86.01694915,87.71186441,88.13559322,86.86440678,92.08333333,92.5,93.33333333,91.66666667,90,92.08333333,95.83333333,100.8333333,100.4166667,109.1666667,107.9166667,98.75,95.83333333,96.66666667,98.75,98.92857143,99.28571429,104.2857143,104.6428571,93.57142857,84.64285714,83.21428571,88.21428571,97.85714286,103.9285714,93.92857143,82.14285714,81.07142857,66.04477612,58.58208955,58.20895522,57.8358209,57.8358209,60.44776119,81.34328358,90.67164179,94.7761194,101.4925373,104.4776119,117.1641791,114.9659864,113.2653061,113.6054422,105.4421769,101.3605442,110.5442177,127.2108844,125.170068,123.8095238,117.0068027,117.3469388,123.4693878,125.5102041,126.1904762,109.1836735,100.3401361,102.7210884,107.1428571,111.5384615,117.7996422,119.8568873,104.7406082,98.1216458,91.41323792,89.35599284,84.97316637,88.64042934,90.07155635,87.47763864,81.48479428,79.06976744,76.83363148
서울 강남지역,63.7037037,67.87037037,65.09259259,67.03703704,66.2962963,65.27777778,66.94444444,67.5,70.03710575,85.39325843,88.38951311,83.70786517,74.90636704,74.25093633,86.70411985,93.35205993,92.69662921,88.01498127,90.41970803,94.61678832,94.16058394,91.97080292,90.60218978,91.05839416,94.98175182,95.80291971,99.72627737,101.0948905,97.26277372,94.7080292,97.08029197,98.08394161,99.81751825,102.5547445,101.6423358,102.4635036,102.189781,102.919708,105.6569343,104.5620438,102.0072993,103.0109489,101.0948905,99.36131387,99.27007299,98.44890511,99.72627737,101.8248175,104.1970803,108.2116788,108.8868941,113.3752244,111.4901257,110.2333932,105.5655296,105.2064632,106.1938959,99.82046679,107.0143885,113.7342908,112.8366248,105.3859964,100.7181329,103.2315978,105.3859964,112.3511905,117.5595238,115.625,108.9285714,100.0744048,95.01488095,92.7827381,95.53571429,110.1934524,126.6369048,108.5565476,98.13988095,90.32738095,82.54211332,74.57886677,73.96630934,72.20520674,73.73660031,78.33078101,90.50535988,98.08575804,100,110.719755,114.0122511,129.7090352,123.6804565,110.4850214,111.1982882,106.6333809,100.7132668,108.2738944,122.6105563,121.8972896,115.9771755,103.0670471,108.1312411,113.6233951,117.403709,119.5435093,114.1940086,110.0570613,112.339515,121.5406562,124.0377358,125.9433962,126,114.7924528,98.88679245,93.83018868,89.90566038,87.88679245,90.45283019,92.90566038,93.20754717,91.66037736,90.66037736,88.0754717
서울 강남지역서남권,68.0781759,74.26710098,70.03257329,66.61237785,71.49837134,69.86970684,68.24104235,68.24104235,72.63843648,91.36807818,91.36807818,86.64495114,78.99022801,76.54723127,82.41042345,88.92508143,90.87947883,83.06188925,89.04761905,94.28571429,93.17460317,91.26984127,88.88888889,89.20634921,91.9047619,90.95238095,98.25396825,101.2698413,95.23809524,92.6984127,94.92063492,96.66666667,99.52380952,104.2857143,102.5396825,103.968254,103.3333333,105.0793651,109.3650794,107.4603175,102.5396825,104.6031746,101.2698413,98.25396825,98.0952381,96.82539683,98.88888889,101.4285714,105.0793651,111.9047619,112.539185,116.7711599,113.7931034,114.2633229,109.5611285,109.2476489,107.6802508,100,108.490566,114.5768025,107.6802508,101.8808777,101.4106583,101.2539185,100.7836991,104.076087,105.9782609,107.8804348,103.5326087,101.7663043,100.5434783,98.77717391,103.6684783,114.9456522,119.8369565,108.0163043,103.2608696,94.70108696,85.49723757,76.79558011,72.51381215,69.88950276,70.5801105,75.13812155,87.15469613,96.82320442,97.9281768,108.0110497,112.5690608,133.5635359,126.342711,115.2173913,115.4731458,111.8925831,103.3248082,112.2762148,124.6803069,123.7851662,118.286445,108.3120205,110.6138107,113.5549872,117.0076726,118.5421995,115.0895141,110.3580563,110.9974425,118.4143223,121.7957276,124.8998665,125,112.917223,99.19893191,94.59279039,91.38851802,90.0200267,90.42056075,91.15487316,91.68891856,90.45393858,89.58611482,87.51668892
서울 강남지역동남권,57.93991416,59.44206009,58.58369099,67.59656652,59.44206009,59.22746781,65.2360515,66.52360515,66.59482759,77.31277533,84.36123348,79.73568282,69.38325991,71.14537445,92.51101322,99.33920705,95.15418502,94.71365639,92.27467811,95.06437768,95.49356223,92.91845494,92.91845494,93.56223176,99.1416309,102.360515,101.7167382,100.8583691,100,97.4248927,100,100,100.2145923,100.2145923,100.4291845,100.4291845,100.6437768,100,100.6437768,100.6437768,101.2875536,100.8583691,100.8583691,100.8583691,100.8583691,100.6437768,100.8583691,102.360515,103.0042918,103.2188841,103.9915966,108.8235294,108.4033613,104.8319328,100.210084,99.78991597,104.2016807,99.57983193,105.0420168,112.605042,119.7478992,110.0840336,99.78991597,105.8823529,111.5546218,122.3684211,131.5789474,125,115.4605263,98.02631579,88.32236842,85.52631579,85.69078947,104.4407895,134.8684211,109.2105263,91.94078947,85.03289474,78.86597938,71.82130584,75.77319588,75.08591065,77.66323024,82.3024055,94.67353952,99.65635739,102.5773196,114.0893471,115.8075601,124.9140893,120.3225806,104.516129,105.8064516,100,97.41935484,103.2258065,120,119.516129,113.0645161,96.4516129,105,113.7096774,117.9032258,120.8064516,113.0645161,109.6774194,114.0322581,125.483871,126.953125,127.3003472,127.3003472,117.2309028,98.48090278,92.83854167,87.97743056,85.11284722,90.49479167,95.18229167,95.18229167,93.22916667,92.05729167,88.80208333
경기 ,72.91421857,74.70622797,75,75.29377203,76.99764982,77.6439483,76.96827262,77.26204465,79.55346651,86.01645123,88.77790834,87.5440658,85.57579318,84.13631022,88.54289072,93.33137485,92.12690952,92.45005875,93.96848138,94.79942693,97.20630372,94.36962751,94.79942693,95.37249284,95.42979943,97.43553009,103.1088825,104.1977077,102.7363897,101.4756447,99.92917847,100.9490085,103.98017,106.6147309,106.8413598,106.4447592,106.4861111,106.2083333,106.4305556,110.0694444,109.125,103.7222222,102.5,103.2777778,102.75,102.3055556,102.25,101.8611111,102.1388889,103.3611111,102.4311183,104.0248514,103.9168017,102.5661804,100.1620746,99.83792545,99.48676391,99.48620876,100.0812128,100.378583,101.5413737,100.6212858,98.51431659,99.35170178,98.67639114,97.60493827,97.90123457,99.16049383,100.2716049,97.67901235,94.61728395,93.58024691,94.09876543,95.90123457,102.1728395,100.345679,98.71604938,95.62962963,90.96162737,88.60379103,84.90522423,82.75543227,82.13129912,83.35644938,87.0087841,88.67313916,90.49491212,91.28122109,92.8307123,97.48035136,99.84533805,104.0874945,106.6062749,105.4352629,103.5130358,108.3075563,118.426867,117.0459567,116.4604507,116.7697746,118.9571365,124.5470614,128.5019885,132.2801591,129.1648255,119.8630137,120.6805126,126.1378701,131.2212105,133.0530262,129.8339582,117.1023032,99.60364221,93.36904124,91.82645956,90.97482592,92.21210498,92.58088708,92.17996786,90.87305838,89.0948045,84.85806106
경기 경부1권,70.35830619,74.42996743,76.71009772,80.78175896,83.71335505,83.5504886,76.38436482,79.80456026,86.15635179,89.25081433,87.29641694,86.64495114,85.66775244,84.2019544,89.73941368,90.71661238,88.76221498,89.90228013,94.01294498,96.92556634,94.98381877,92.5566343,96.44012945,91.26213592,91.90938511,95.30744337,99.02912621,103.0744337,101.1326861,99.35275081,99.67741935,100.483871,105.8064516,114.516129,114.8387097,114.8387097,113.322884,112.8526646,113.322884,115.0470219,114.5768025,103.2915361,100.4702194,109.4043887,108.7774295,108.6206897,108.6206897,108.7774295,109.0909091,107.2100313,102.2292994,102.7070064,102.5477707,102.5477707,100.1592357,101.910828,101.433121,104.1401274,104.1401274,104.1401274,105.2547771,105.0955414,104.2993631,104.7770701,104.6178344,104.6321526,107.2207084,108.719346,111.7166213,110.0817439,104.6321526,105.8583106,103.4059946,105.7220708,123.7057221,119.2098093,114.8501362,107.3569482,96.83377309,88.65435356,80.47493404,77.44063325,76.5171504,78.75989446,85.88390501,92.08443272,99.73614776,99.47229551,103.4300792,108.707124,109.6354167,106.25,107.1614583,107.03125,104.0364583,107.03125,120.5729167,120.8333333,119.921875,117.1875,118.2291667,126.171875,132.6822917,136.8489583,132.2916667,128.2552083,128.90625,134.5052083,138.531514,141.3255361,117.1864847,113.4178038,96.65367122,91.35802469,87.97920728,88.10916179,91.00064977,92.39271782,93.40480832,91.87784276,90.87069526,86.97205978
경기 경부2권,69.19770774,72.77936963,71.2034384,68.62464183,73.92550143,77.93696275,80.51575931,81.80515759,82.66475645,89.68481375,90.54441261,90.40114613,88.39541547,87.82234957,88.96848138,95.2722063,92.69340974,98.28080229,96.08938547,94.83240223,96.08938547,93.43575419,94.27374302,97.06703911,96.9273743,101.9553073,108.6592179,108.1005587,105.027933,103.0726257,102.3545706,101.2465374,105.9556787,106.232687,105.5401662,105.2631579,105.1212938,104.851752,105.5256065,118.4636119,114.690027,106.4690027,102.2911051,98.24797844,97.30458221,95.01347709,94.47439353,94.47439353,95.01347709,100,99.86772487,100.6613757,101.3227513,101.7195767,101.984127,99.73544974,98.41269841,97.48677249,97.61904762,97.35449735,99.07407407,97.22222222,97.88359788,98.28042328,98.54497354,94.64285714,95.47619048,98.69047619,97.5,99.64285714,96.07142857,90.35714286,92.97619048,91.30952381,99.88095238,100.3571429,97.73809524,95.11904762,89.0625,86.94196429,84.375,79.91071429,80.46875,82.03125,82.58928571,87.16517857,84.48660714,84.93303571,86.04910714,95.3125,103.2258065,110.3225806,110.7526882,105.5913978,102.9032258,112.4731183,116.8817204,116.3978495,118.172043,118.4946237,119.7849462,124.0860215,127.2043011,130.4301075,130,123.3333333,121.3978495,122.7956989,126.7613039,130.3101998,126.7087277,116.2460568,102.0767613,95.47844374,92.66561514,91.53522608,93.00736067,91.11461619,89.82649842,88.35436383,86.5404837,81.59831756
경기 서해안권,70.56818182,72.95454545,78.52272727,76.59090909,77.27272727,78.18181818,78.63636364,80.34090909,81.13636364,89.65909091,93.18181818,90.56818182,91.59090909,88.75,95.90909091,101.0227273,100.2272727,98.40909091,100.1670379,100.9465479,102.9510022,100.0556793,99.61024499,98.94209354,98.05122494,97.8285078,104.064588,103.1737194,103.285078,100.5011136,95.50997783,98.61419069,100.7206208,102.1618625,102.0509978,101.3858093,101.4900662,100.2759382,99.83443709,100.9381898,100.4966887,97.68211921,98.34437086,98.56512141,98.67549669,99.00662252,98.23399558,96.799117,97.90286976,99.33774834,100,101.5856237,101.6913319,101.4799154,101.4799154,100.845666,100.6342495,100.422833,100,100.422833,99.78858351,100.422833,100.2114165,99.26004228,99.47145877,98.04928131,98.76796715,99.48665298,99.69199179,93.2238193,89.73305955,90.04106776,94.96919918,101.4373717,101.2320329,97.7412731,95.3798768,94.76386037,92.29323308,90.03759398,86.84210526,85.52631579,82.89473684,86.27819549,91.91729323,92.10526316,95.39473684,97.18045113,98.96616541,102.443609,99.91243433,105.3415061,110.8581436,109.7197898,109.7197898,110.8581436,115.849387,112.084063,111.2084063,112.6970228,112.1716287,115.4115587,118.3887916,124.2556918,127.3204904,120.8406305,123.117338,131.5236427,140.5575906,140.9035409,136.0602361,117.7045177,100.3663004,93.40659341,92.7960928,92.57224257,93.3048433,95.05494505,94.32234432,94.2002442,92.22629223,86.52828653
경기 동부1권,69.57831325,81.62650602,67.1686747,76.80722892,72.59036145,68.97590361,69.87951807,69.57831325,74.39759036,85.84337349,90.06024096,89.15662651,88.25301205,85.54216867,89.75903614,91.26506024,89.15662651,89.75903614,94.87951807,93.6746988,94.87951807,94.87951807,95.48192771,96.98795181,96.38554217,95.48192771,100,102.1084337,98.79518072,100.3012048,101.2048193,101.8072289,103.0120482,108.7349398,110.5421687,106.3253012,101.4880952,101.7857143,101.7857143,102.9761905,103.5714286,103.2738095,103.5714286,103.2738095,103.2738095,104.1666667,104.1666667,104.1666667,104.1666667,104.1666667,104.0229885,104.3103448,104.0229885,98.85057471,97.70114943,97.4137931,95.40229885,93.31395349,95.34883721,100,102.3255814,100.862069,100,100.5747126,100.862069,102.6066351,101.4218009,99.28909953,101.8957346,103.7914692,104.9763033,102.8436019,98.34123223,101.4218009,108.5308057,101.4218009,100.4739336,98.34123223,91.2244898,95.71428571,91.42857143,92.04081633,92.24489796,92.85714286,96.73469388,101.6326531,102.6530612,103.0612245,103.2653061,103.4693878,107.5289575,110.03861,112.9343629,113.5135135,106.9498069,111.7760618,126.4478764,124.5173745,122.5868726,121.6216216,122.972973,127.7992278,130.3088803,132.8185328,129.7297297,110.03861,112.3552124,118.3397683,120.4847909,123.1463878,123.4790875,112.1673004,95.57984791,93.82129278,92.01520913,90.5418251,91.49239544,92.68060837,92.06273764,89.1634981,87.11977186,83.46007605
경기 동부2권,87.87878788,76.51515152,81.81818182,78.03030303,78.78787879,79.54545455,81.81818182,90.15151515,88.63636364,90.90909091,93.18181818,89.39393939,90.90909091,87.87878788,88.63636364,89.39393939,90.90909091,93.18181818,94.52054795,95.89041096,91.78082192,89.04109589,90.4109589,89.04109589,89.04109589,101.369863,101.369863,101.369863,101.369863,101.369863,101.875,102.5,103.75,104.375,105,104.375,104.5454545,103.2467532,103.2467532,104.5454545,104.5454545,103.8961039,103.8961039,103.8961039,103.8961039,102.5974026,102.5974026,102.5974026,102.5974026,102.5974026,102.5974026,105.1948052,103.8961039,100.6493506,101.9480519,101.9480519,103.8961039,101.9480519,103.2467532,102.5974026,102.5974026,101.9480519,101.2987013,103.8961039,102.5974026,97.22222222,97.22222222,98.61111111,102.7777778,103.4722222,97.91666667,101.3888889,97.91666667,97.22222222,95.13888889,91.66666667,93.05555556,82.63888889,84.50704225,83.8028169,76.76056338,77.46478873,80.98591549,78.16901408,91.54929577,89.43661972,90.71428571,90.71428571,91.42857143,90.14084507,85.41666667,88.19444444,84.02777778,87.5,83.33333333,88.19444444,88.88888889,88.19444444,88.19444444,88.19444444,87.5,97.91666667,101.3888889,106.25,102.0833333,87.5,102.0833333,106.25,109.2664093,113.7065637,129.9227799,121.6216216,110.4247104,100.7722008,99.42084942,100.965251,101.3513514,102.5096525,102.3166023,100.7722008,98.84169884,98.45559846
경기 경의권,74.67811159,77.25321888,70.38626609,75.96566524,74.24892704,74.67811159,72.53218884,62.01716738,62.44635193,63.09012876,70.81545064,72.53218884,71.45922747,71.03004292,75.53648069,76.82403433,78.75536481,79.39914163,80.12048193,80.72289157,88.15261044,87.75100402,88.95582329,93.97590361,95.98393574,96.58634538,102.0080321,102.0080321,102.2088353,100.8032129,100.1953125,102.5390625,104.6875,106.0546875,106.4453125,106.25,111.0486891,111.7977528,113.4831461,114.9812734,113.2958801,110.6741573,109.7378277,109.7378277,107.8651685,107.6779026,107.6779026,107.4906367,107.6779026,108.2397004,108.0645161,109.8566308,108.2437276,106.09319,102.688172,102.688172,103.4050179,103.7634409,106.6308244,105.5555556,109.3189964,105.9139785,93.01075269,98.02867384,93.18996416,89.13043478,86.28762542,88.46153846,90.80267559,82.60869565,79.93311037,79.59866221,78.76254181,77.75919732,81.77257525,85.95317726,88.29431438,85.28428094,82.69230769,80.60897436,80.44871795,81.57051282,81.89102564,81.73076923,81.41025641,83.97435897,83.97435897,84.93589744,85.25641026,89.90384615,94.81707317,100.6097561,103.2012195,103.3536585,103.5060976,110.3658537,127.4390244,124.3902439,121.6463415,124.2378049,133.5365854,142.2256098,144.8170732,145.1219512,133.6890244,122.4085366,120.7317073,123.3231707,122.9921819,127.1499645,142.1819474,126.1549396,97.22814499,88.98365316,90.7249467,87.66879886,88.62828714,88.45060412,88.69936034,87.02914001,84.54157783,81.44989339
경기 경원권,89.0070922,72.34042553,83.33333333,71.63120567,78.0141844,76.59574468,77.65957447,79.07801418,82.62411348,94.32624113,100,95.03546099,77.30496454,78.72340426,81.91489362,101.7730496,98.93617021,89.36170213,91.84397163,96.09929078,108.1560284,96.45390071,89.0070922,92.55319149,92.19858156,91.13475177,101.4184397,107.8014184,104.964539,107.8014184,105.3191489,103.9007092,105.3191489,104.2553191,105.3191489,108.8652482,108.9655172,110,108.2758621,108.2758621,111.0344828,104.137931,105.1724138,105.1724138,105.5172414,105.1724138,108.2758621,107.9310345,105.5172414,106.5517241,104.4871795,110.8974359,111.8589744,106.7307692,89.1025641,89.42307692,90.06410256,90.06410256,90.06410256,90.06410256,90.06410256,90.06410256,90.06410256,90.06410256,90.06410256,97.33727811,97.63313609,97.63313609,97.63313609,95.26627219,94.9704142,94.9704142,94.37869822,94.67455621,94.9704142,94.67455621,94.37869822,94.37869822,96.02272727,94.60227273,92.04545455,84.375,82.95454545,79.54545455,80.39772727,64.77272727,65.625,67.04545455,68.18181818,71.875,74.45652174,83.9673913,87.77173913,87.77173913,87.77173913,91.84782609,110.0543478,113.8586957,114.4021739,115.2173913,120.1086957,125,133.423913,138.8586957,127.9891304,112.5,113.0434783,124.1847826,135.1877608,128.7899861,128.9986092,113.0737135,103.4075104,97.21835883,93.67176634,93.67176634,93.74130737,92.76773296,91.79415855,90.472879,89.63838665,87.06536857
인천 ,56.79886686,62.60623229,62.03966006,60.4815864,61.898017,60.90651558,60.90651558,62.32294618,63.31444759,64.16430595,68.27195467,69.97167139,67.98866856,63.31444759,65.29745042,83.14447592,83.99433428,83.00283286,81.75675676,83.64864865,87.16216216,84.18918919,87.7027027,89.59459459,89.72972973,92.16216216,92.83783784,94.05405405,94.32432432,93.51351351,93.43163539,96.64879357,97.85522788,100.2680965,100.1340483,101.8766756,103.9845758,103.8560411,104.1131105,103.8560411,103.8560411,103.8560411,104.4987147,104.1131105,103.7275064,104.1131105,104.2416452,104.4987147,102.4421594,102.3136247,98.24561404,102.5062657,100.3759398,99.87468672,99.49874687,96.36591479,96.74185464,98.37092732,99.12280702,99.87468672,97.99498747,100.877193,99.62406015,100.7518797,101.2531328,100.5285412,100.9513742,100.6342495,100.6342495,93.44608879,89.85200846,89.9577167,87.73784355,86.25792812,88.90063425,90.38054968,93.65750529,95.77167019,90.04106776,88.19301848,88.19301848,87.67967146,88.29568789,87.37166324,89.42505133,87.88501027,93.32648871,94.35318275,95.07186858,95.79055441,97.24950884,100.6385069,107.7111984,109.1355599,109.9214145,108.3005894,107.956778,102.0628684,100.8840864,104.8133595,108.0550098,110.4125737,111.8860511,119.7445972,119.3516699,120.43222,122.2003929,128.0943026,126.4069264,129.4853295,130.8802309,116.2337662,102.1404521,100.3848004,97.16209716,94.10774411,92.4001924,95.28619529,93.12169312,91.96729197,87.44588745,83.71813372
부산 ,62.25328947,69.73684211,72.03947368,75.16447368,72.69736842,72.03947368,74.34210526,75.24671053,78.78289474,84.78618421,89.63815789,86.67763158,82.48355263,85.77302632,89.63815789,95.97039474,94.49013158,93.99671053,93.89857369,96.19651347,95.16640254,93.89857369,94.69096672,94.45324881,93.58161648,98.57369255,101.9809826,107.2900158,105.5467512,99.60380349,100.2332815,101.8662519,110.0311042,108.6314152,106.4541213,105.4432348,107.0121951,105.2591463,104.9542683,108.8414634,109.6036585,101.2957317,97.4847561,96.18902439,97.86585366,99.00914634,100.0762195,100.9146341,101.6006098,108.6128049,109.3797277,113.9939486,114.0695915,104.8411498,104.6142209,103.3282905,104.6142209,104.387292,103.9334342,106.429652,104.7655068,99.92435703,96.59606657,95.46142209,94.25113464,81.21990369,79.85553772,79.53451043,80.09630819,74.47833066,71.66934189,69.66292135,67.09470305,63.72391653,61.71749599,59.47030498,56.09951846,54.81540931,48.08306709,46.00638978,44.7284345,46.24600639,46.24600639,45.92651757,44.88817891,44.40894569,45.68690096,46.32587859,61.10223642,69.48881789,72.2734255,73.80952381,73.57910906,65.97542243,67.35791091,68.43317972,86.17511521,90.55299539,93.39477727,95.5453149,106.9892473,118.5867896,120.3533026,118.8940092,116.2058372,109.2933948,108.9093702,114.5929339,120.9319805,122.5854942,121.6459977,115.3325817,99.04171364,95.88500564,94.90792935,94.34423149,95.50920707,97.46335964,96.9748215,96.44870349,93.29199549,88.1059752
부산 중부산권,51.48148148,67.77777778,65.74074074,70.18518519,65.18518519,62.96296296,65.74074074,65.37037037,75.55555556,79.25925926,86.11111111,78.51851852,77.40740741,85.55555556,94.25925926,98.51851852,95.18518519,91.11111111,90.68100358,93.5483871,95.8781362,94.26523297,94.98207885,96.59498208,95.8781362,97.31182796,101.2544803,108.0645161,101.9713262,99.64157706,99.28315412,99.82078853,106.4516129,105.9139785,105.0179211,106.09319,106.4912281,105.0877193,105.9649123,105.2631579,105.0877193,99.8245614,101.4035088,101.4035088,100.877193,101.0526316,103.1578947,103.8596491,105.2631579,107.7192982,108.9473684,111.9298246,113.5087719,109.4736842,108.245614,105.9649123,106.6666667,105.9649123,106.6666667,107.0175439,108.9473684,105.7894737,101.2280702,100,99.64912281,75.09363296,75.09363296,74.53183521,79.21348315,70.41198502,69.1011236,67.22846442,66.47940075,67.0411985,66.66666667,63.48314607,62.17228464,62.35955056,60.27131783,58.91472868,52.51937984,54.65116279,55.03875969,54.84496124,52.51937984,51.74418605,53.68217054,54.45736434,72.6744186,80.81395349,86.24535316,86.80297398,87.5464684,74.9070632,77.69516729,75.83643123,100.7434944,103.9033457,102.7881041,104.8327138,113.5687732,118.9591078,118.9591078,118.2156134,114.6840149,105.7620818,107.063197,112.8252788,118.9719626,118.411215,117.3831776,114.9065421,102.2897196,99.29906542,98.17757009,97.80373832,98.17757009,98.13084112,97.75700935,97.47663551,95.65420561,87.71028037
부산 동부산권,51.17647059,56.17647059,71.47058824,73.52941176,74.11764706,72.05882353,72.94117647,76.17647059,75,86.76470588,91.76470588,89.70588235,80.58823529,79.70588235,79.41176471,92.94117647,92.64705882,93.82352941,94.69273743,96.36871508,89.38547486,87.98882682,87.4301676,88.54748603,88.26815642,105.3072626,107.5418994,115.6424581,113.4078212,101.9553073,103.8043478,107.3369565,116.3043478,114.4021739,110.0543478,106.5217391,113.6363636,111.7647059,111.2299465,116.5775401,117.6470588,95.18716578,90.10695187,89.57219251,90.37433155,91.71122995,91.71122995,92.2459893,91.17647059,114.7058824,116.0427807,124.5989305,120.855615,101.8716578,102.6737968,102.6737968,103.7433155,101.3368984,98.6631016,100,94.9197861,88.5026738,86.09625668,79.94652406,79.94652406,77.77777778,75.83333333,76.11111111,73.88888889,69.72222222,67.22222222,66.94444444,67.5,61.94444444,55.55555556,54.44444444,48.33333333,46.94444444,36.70212766,35.37234043,38.56382979,41.4893617,40.95744681,41.22340426,41.4893617,41.75531915,42.0212766,42.0212766,64.89361702,80.05319149,79.89690722,80.67010309,76.28865979,70.10309278,70.6185567,73.96907216,92.78350515,97.16494845,105.1546392,106.7010309,113.6597938,125.7731959,130.4123711,129.1237113,126.5463918,118.0412371,117.5257732,121.6494845,121.6727717,125.8241758,125.4578755,118.009768,98.22954823,93.89499389,93.1013431,91.81929182,93.89499389,98.29059829,97.4969475,95.90964591,90.5982906,85.8974359
부산 서부산권,90.77380952,86.60714286,82.73809524,84.82142857,83.33333333,86.60714286,89.58333333,90.17857143,87.79761905,91.66666667,93.1547619,96.72619048,92.55952381,92.26190476,92.55952381,94.94047619,95.23809524,98.80952381,98.26589595,100.2890173,100,99.42196532,101.734104,97.10982659,95.37572254,93.6416185,97.39884393,97.39884393,103.1791908,97.10982659,98.05555556,99.44444444,109.1666667,106.9444444,105,103.3333333,101.0869565,98.91304348,97.01086957,106.5217391,108.423913,109.7826087,98.91304348,94.83695652,100.8152174,103.2608696,103.8043478,105.1630435,106.5217391,103.8043478,103.4391534,106.6137566,108.2010582,100.7936508,101.0582011,100,102.3809524,105.026455,105.026455,111.9047619,108.2010582,102.3809524,100,103.968254,100.2645503,94.03409091,91.19318182,90.625,87.78409091,85.51136364,80.11363636,76.13636364,67.61363636,60.51136364,60.51136364,58.52272727,54.82954545,51.42045455,42.5,38.61111111,40,39.16666667,39.16666667,38.05555556,37.5,36.66666667,38.05555556,39.16666667,40.55555556,42.22222222,44.41489362,48.13829787,50.79787234,48.93617021,49.20212766,52.12765957,58.5106383,64.62765957,67.81914894,70.74468085,90.69148936,110.6382979,111.9680851,109.3085106,107.712766,105.3191489,102.6595745,109.8404255,122.8626943,124.9352332,123.5103627,113.0829016,95.4015544,93.2642487,92.29274611,92.22797927,93.52331606,95.66062176,95.33678756,95.59585492,92.87564767,90.99740933
대구 ,102.6315789,102.0467836,104.6783626,104.2397661,105.7017544,115.2046784,110.6725146,109.7953216,109.7953216,114.4736842,116.9590643,115.9356725,115.6432749,115.7894737,114.4736842,116.2280702,116.9590643,117.1052632,115.1428571,113.8571429,112.8571429,111.7142857,108.1428571,107.7142857,108.1428571,109.1428571,109.7142857,109.2857143,111.5714286,111.4285714,115.4285714,116.4285714,117.1428571,117.2857143,117.7142857,119.4285714,117.4647887,118.7323944,119.5774648,118.7323944,118.5915493,108.3098592,105.4929577,95.21126761,81.54929577,80,80.70422535,79.71830986,78.30985915,81.26760563,75.96685083,79.14364641,83.42541436,83.14917127,81.49171271,83.97790055,84.1160221,87.01657459,87.56906077,88.12154696,91.02209945,95.02762431,94.47513812,92.54143646,91.16022099,85.69739953,86.28841608,85.69739953,90.30732861,91.72576832,89.12529551,86.76122931,88.17966903,90.07092199,95.98108747,101.0638298,99.64539007,96.92671395,93.70786517,96.06741573,95.50561798,93.82022472,93.03370787,94.49438202,93.82022472,93.25842697,95.50561798,97.97752809,99.66292135,101.9101124,106.7180617,107.1585903,101.2114537,93.28193833,96.47577093,104.2951542,105.8370044,112.5550661,115.30837,119.1629956,121.3656388,128.9647577,127.9735683,131.938326,124.8898678,120.3744493,108.9207048,108.7004405,102.5563496,104.2605827,98.54315558,96.53655855,89.55470038,86.11874656,83.47993403,79.87905443,77.29521715,77.07531611,77.24024189,75.8108851,75.70093458,72.2100055
광주 ,91.95652174,96.95652174,99.13043478,100,99.56521739,98.91304348,98.91304348,99.56521739,100.8695652,99.13043478,99.13043478,99.56521739,100,99.13043478,99.34782609,100.4347826,99.7826087,98.91304348,99.36440678,99.36440678,100.4237288,99.57627119,98.72881356,98.51694915,100.2118644,99.57627119,100.4237288,100.2118644,99.36440678,98.94067797,98.72881356,98.94067797,98.94067797,100.6355932,102.3305085,102.5423729,99.36440678,99.36440678,98.72881356,99.15254237,100,99.78813559,99.78813559,99.57627119,99.57627119,99.57627119,99.36440678,99.36440678,99.57627119,98.51694915,98.72881356,98.94067797,98.94067797,99.15254237,99.78813559,98.72881356,97.45762712,94.27966102,93.8559322,93.22033898,93.8559322,92.58474576,93.00847458,95.55084746,98.72881356,102.9010239,104.6075085,104.778157,104.778157,104.6075085,103.2423208,104.4368601,101.5358362,101.5358362,103.2423208,105.4607509,106.8259386,104.4368601,100.3225806,100.6451613,100.483871,96.4516129,90.48387097,87.74193548,87.09677419,87.90322581,89.19354839,88.70967742,91.12903226,92.58064516,90.72327044,92.45283019,91.98113208,90.09433962,90.09433962,89.77987421,89.62264151,91.50943396,91.82389937,93.08176101,102.2012579,117.6100629,113.5220126,109.591195,108.6477987,107.8616352,107.3899371,111.163522,114.9212598,119.0551181,120.7086614,117.0866142,105.1181102,101.7322835,101.1023622,100.7480315,101.1023622,101.0629921,101.496063,100.8267717,98.46456693,96.88976378
대전 ,79.95391705,88.70967742,98.61751152,100.4608295,101.3824885,97.69585253,97.92626728,97.69585253,99.53917051,103.9170507,100,97.46543779,89.17050691,85.48387097,88.47926267,92.16589862,92.39631336,91.70506912,92.69911504,89.38053097,84.51327434,85.84070796,84.2920354,90.92920354,90.92920354,96.01769912,99.77876106,100,101.1061947,95.3539823,94.71365639,92.07048458,95.81497797,93.17180617,93.83259912,94.05286344,93.39207048,99.33920705,96.03524229,101.3215859,103.0837004,97.13656388,96.69603524,97.13656388,98.01762115,99.55947137,97.13656388,96.69603524,98.6784141,96.69603524,101.9067797,102.3305085,100.4237288,104.2372881,105.0847458,103.3898305,102.9661017,102.7542373,101.6949153,101.059322,98.51694915,103.3898305,102.5423729,102.5423729,104.2372881,100.7407407,101.6666667,102.037037,101.6666667,98.14814815,98.33333333,99.25925926,100.5555556,101.6666667,100.3703704,105,105.7407407,104.4444444,101.6245487,101.4440433,101.0830325,98.01444043,99.45848375,98.37545126,105.234657,109.0252708,112.4548736,112.8158845,115.5234657,118.9530686,113.869258,117.2261484,119.6996466,117.4028269,111.3957597,120.0530035,117.844523,116.6077739,118.0212014,117.6678445,120.8480565,124.9116608,123.4982332,129.5053004,126.6784452,119.2579505,125.8833922,129.770318,132.8545781,132.0017953,129.8922801,113.9138241,103.1418312,94.43447038,92.90843806,90.43985637,92.95332136,93.3572711,92.1454219,92.90843806,91.56193896,86.53500898
울산 ,91.16161616,89.64646465,94.44444444,96.71717172,98.23232323,95.95959596,97.47474747,95.2020202,92.42424242,95.70707071,95.45454545,97.97979798,98.23232323,94.44444444,94.44444444,102.020202,102.020202,100.5050505,98.26732673,100.990099,102.7227723,100.2475248,100.7425743,108.6633663,107.9207921,105.4455446,102.7227723,104.2079208,102.7227723,102.970297,103.3980583,104.368932,106.3106796,108.2524272,107.7669903,107.2815534,105.4794521,105.9360731,109.3607306,111.6438356,109.3607306,109.8173516,111.1872146,110.7305936,108.9041096,104.109589,104.3378995,105.0228311,101.5981735,84.01826484,78.66666667,80.44444444,81.11111111,80.44444444,79.11111111,80.44444444,80.88888889,76.66666667,78,77.55555556,77.77777778,78.88888889,78.22222222,79.33333333,78,85.84070796,78.76106195,82.52212389,82.30088496,75.44247788,71.23893805,69.02654867,65.92920354,59.51327434,60.84070796,58.40707965,55.75221239,55.30973451,53.38983051,55.08474576,54.02542373,54.87288136,56.1440678,56.3559322,56.3559322,58.47457627,56.77966102,61.86440678,73.72881356,82.41525424,84.63114754,86.2704918,87.09016393,86.06557377,84.22131148,86.68032787,105.942623,98.97540984,101.2295082,105.7377049,117.6229508,117.4180328,118.442623,116.8032787,115.5737705,109.2213115,99.79508197,103.4836066,112.7001067,114.8879402,117.2892209,109.018143,97.38527215,96.42475987,90.66168623,89.43436499,89.11419424,88.79402348,88.68729989,87.56670224,84.52508004,83.83137673
세종 ,,,,,,113.5135135,116.2162162,112.1621622,110.8108108,108.1081081,108.1081081,101.3513514,100,98.64864865,98.64864865,98.64864865,104.4117647,100,92.30769231,103.8461538,103.9215686,101.9607843,101.9607843,101.9230769,92,95,80.76923077,97.11538462,90.38461538,92.30769231,81.14754098,92.62295082,95.90163934,89.3442623,82.78688525,86.8852459,89.88764045,88.76404494,89.3258427,89.88764045,92.69662921,91.57303371,96.06741573,93.82022472,98.31460674,94.94382022,94.38202247,95.50561798,97.75280899,102.8089888,103.2110092,105.0458716,104.1284404,100.9174312,100.4587156,91.74311927,96.78899083,100.4587156,114.6788991,127.9816514,130.733945,112.3853211,87.1559633,99.08256881,89.90825688,101.5625,105.46875,96.09375,104.6875,107.03125,99.21875,101.5625,101.5625,96.875,89.84375,94.53125,92.1875,96.875,96.98795181,92.1686747,91.56626506,84.93975904,83.73493976,75.30120482,76.5060241,83.73493976,90.36144578,94.57831325,93.97590361,101.8072289,103.6458333,116.1458333,116.1458333,111.4583333,106.7708333,111.4583333,128.6458333,129.6875,129.1666667,128.125,124.4791667,121.875,117.7083333,114.5833333,107.2916667,105.2083333,96.875,83.85416667,88.0952381,88.69047619,96.72619048,95.23809524,94.49404762,81.10119048,87.79761905,90.47619048,91.96428571,88.83928571,87.94642857,86.30952381,86.75595238,78.86904762
강원 ,93.35793358,96.49446494,99.07749077,98.70848708,100.9225092,90.5904059,92.25092251,91.69741697,92.6199262,94.83394834,93.54243542,90.95940959,92.06642066,94.2804428,96.67896679,96.3099631,96.49446494,96.86346863,95.77205882,95.95588235,97.79411765,95.40441176,94.11764706,93.19852941,94.48529412,95.03676471,94.66911765,95.03676471,95.58823529,99.81617647,100.9191176,102.2058824,102.5735294,105.1851852,98.71323529,98.16176471,98.21428571,100,99.4047619,99.6031746,101.7857143,101.7857143,100.1984127,100.5952381,99.20634921,98.61111111,98.21428571,96.62698413,96.62698413,97.02380952,100.1901141,100.3802281,101.9011407,100.9505703,100.9505703,100.9505703,100.3802281,96.19771863,97.14828897,97.33840304,102.2813688,104.1825095,104.9429658,105.3231939,95.62737643,90.90909091,93.18181818,94.6969697,94.44444444,89.8989899,88.13131313,84.09090909,83.83838384,84.09090909,82.57575758,78.53535354,77.02020202,75.50505051,75,76.2755102,74.48979592,70.91836735,69.89795918,69.64285714,66.83673469,66.58163265,66.83673469,66.58163265,66.07142857,66.07142857,70.64676617,73.01980198,72.77227723,71.03960396,73.51485149,83.41584158,91.08910891,90.84158416,93.06930693,94.30693069,97.27722772,104.4554455,107.4257426,108.6633663,110.6435644,109.9009901,110.1485149,112.1287129,116.3809524,118.7142857,122.8571429,109.4285714,105.2857143,102.5714286,101.8571429,101.6666667,102.047619,102.4285714,101.3809524,101.2857143,99.57142857,97.04761905
충북 ,97.30215827,97.6618705,98.20143885,99.10071942,98.56115108,102.5362319,101.6304348,102.7173913,102.5362319,103.0797101,101.4492754,101.6304348,100.9057971,101.4492754,101.0869565,101.6304348,101.8115942,101.6304348,102.5089606,102.1505376,103.046595,102.5089606,103.4050179,103.5842294,101.4134276,101.9434629,101.4134276,101.590106,101.7667845,101.9434629,101.7667845,101.2367491,101.7667845,101.7667845,101.4134276,101.9434629,100.7380074,100.7380074,100.7380074,100.5535055,100.7380074,100.9225092,100.7380074,100,100,99.81549815,100.1845018,99.81549815,99.07749077,98.15498155,98.22695035,95.56737589,97.34042553,96.63120567,96.27659574,96.09929078,97.34042553,96.80851064,97.87234043,97.5177305,97.87234043,96.27659574,95.03546099,94.14893617,93.26241135,88.44827586,88.44827586,88.96551724,88.79310345,84.82758621,83.10344828,83.79310345,81.20689655,80.86206897,81.37931034,79.31034483,79.82758621,80,69.52191235,69.52191235,67.52988048,68.12749004,67.92828685,67.1314741,67.1314741,66.73306773,65.93625498,66.13545817,66.33466135,66.13545817,69.84732824,74.04580153,74.42748092,75,80.34351145,94.27480916,96.5648855,96.3740458,95.22900763,94.08396947,96.94656489,103.4351145,104.0076336,105.1526718,109.1603053,108.778626,107.0610687,110.3053435,122.0970537,125.7365685,120.3206239,115.6412478,106.1958406,97.6169844,98.91681109,99.43674177,98.83015598,99.52339688,99.82668977,99.52339688,99.0034662,96.9237435
충남 ,88.98963731,94.94818653,98.70466321,97.5388601,100.2590674,96.31728045,100.7082153,101.6997167,102.8328612,103.9660057,105.5240793,104.674221,100,100.2832861,103.3994334,105.9490085,108.3569405,101.9830028,101.6393443,104.3715847,102.4590164,104.3715847,103.4153005,106.557377,107.3770492,105.4644809,106.557377,106.147541,104.7814208,102.3224044,102.4590164,100,101.2295082,101.5027322,103.0054645,98.36065574,98.93899204,97.87798408,96.15384615,93.89920424,96.15384615,94.03183024,93.89920424,91.51193634,92.30769231,90.84880637,90.84880637,90.18567639,91.64456233,88.19628647,94.01041667,93.61979167,91.40625,89.32291667,93.22916667,92.31770833,93.61979167,91.66666667,92.31770833,91.796875,94.140625,95.44270833,96.09375,94.79166667,93.359375,92.71428571,89.85714286,87.85714286,88.57142857,86.57142857,85.71428571,80.57142857,85.28571429,86.85714286,86.42857143,83.42857143,83.14285714,83.71428571,83.46560847,89.55026455,85.97883598,89.28571429,89.94708995,89.55026455,89.02116402,87.03703704,87.43386243,87.3015873,87.43386243,90.47619048,91.64490862,95.82245431,94.25587467,91.25326371,94.38642298,97.79792746,105.3108808,110.880829,112.1761658,110.880829,113.6010363,116.9689119,119.3005181,117.746114,119.8186528,118.9119171,116.9689119,119.6891192,131.5500686,133.3333333,133.436214,115.0891632,105.2812071,101.611797,99.45130316,98.28532236,99.10836763,98.66255144,97.80521262,97.66803841,97.18792867,96.81069959
전북 ,86.20071685,94.44444444,85.66308244,87.6344086,88.88888889,86.20071685,81.00358423,101.2544803,98.02867384,102.1505376,96.77419355,93.01075269,93.90681004,92.29390681,93.72759857,98.02867384,102.688172,102.1505376,102.5951557,101.0380623,103.1141869,101.2110727,94.29065744,93.42560554,90.1384083,90.83044983,93.94463668,94.6366782,92.73356401,92.21453287,95.57823129,95.91836735,100.170068,98.80952381,97.10884354,97.95918367,100.3412969,101.5358362,103.2423208,104.4368601,104.2662116,102.21843,101.5358362,98.12286689,97.6109215,95.90443686,95.90443686,97.44027304,100,95.90443686,100.1706485,103.5836177,103.2423208,105.1194539,104.2662116,107.6791809,108.0204778,108.3617747,108.5324232,106.8259386,105.4607509,100.8532423,100.6825939,100.5119454,101.5358362,99.82014388,98.38129496,96.94244604,96.94244604,95.32374101,94.0647482,91.36690647,89.74820144,88.30935252,90.4676259,90.82733813,93.16546763,94.0647482,90.03759398,88.53383459,85.71428571,81.57894737,81.39097744,76.69172932,78.7593985,76.31578947,76.87969925,77.34962406,76.59774436,79.79323308,83.7037037,84.25925926,87.59259259,86.2962963,87.40740741,90.74074074,91.85185185,92.40740741,90.37037037,93.51851852,95.55555556,103.3333333,102.4074074,101.8518519,100.1851852,104.4444444,105.9259259,108.5185185,116.0876758,118.2795699,126.344086,117.4110835,106.5343259,103.1430935,102.4813896,102.1505376,105.5004136,105.4177006,105.2109181,103.8047974,102.5227461,99.29693962
전남 ,102.0912548,104.3726236,101.3307985,101.7110266,99.61977186,99.80988593,99.61977186,102.0912548,100.3802281,100.5703422,101.1406844,96.57794677,96.19771863,95.05703422,95.81749049,95.62737643,98.66920152,97.71863118,99.28825623,98.57651246,100.7117438,99.28825623,98.57651246,99.11032028,97.15302491,99.11032028,99.82206406,99.46619217,98.93238434,99.46619217,100,100.1694915,102.3728814,105.7627119,102.7118644,103.0508475,101.8644068,100.3389831,97.62711864,99.15254237,101.6949153,100.8474576,100.3389831,98.13559322,96.94915254,98.13559322,100.3389831,100,100,104.9152542,104.6925566,105.1779935,105.987055,104.0453074,104.5307443,101.618123,104.0453074,103.3980583,100.9708738,100.9708738,102.5889968,102.4271845,101.9417476,105.1779935,104.8543689,97.12041885,98.16753927,99.7382199,97.38219895,98.16753927,96.85863874,97.64397906,101.0471204,103.6649215,105.7591623,107.591623,111.7801047,107.8534031,105.0239234,103.1100478,100.7177033,96.88995215,94.25837321,93.77990431,94.25837321,96.41148325,96.41148325,95.6937799,97.36842105,94.49760766,95.02369668,95.49763033,94.78672986,90.99526066,96.44549763,97.1563981,98.57819905,105.9241706,102.6066351,103.7914692,107.3459716,106.8720379,103.3175355,107.3459716,100.9478673,104.5023697,104.7393365,111.1374408,109.3717817,112.3583934,116.4778579,111.791967,96.70442842,92.1215242,94.23274974,92.48197734,93.76930999,93.56333677,93.35736354,92.22451081,92.01853759,90.01029866
경북 ,103.2894737,97.89473684,100.9210526,100.9210526,105.6578947,108.5526316,106.8421053,106.8421053,109.6052632,110.3947368,111.7105263,111.3157895,113.2894737,111.0526316,112.3684211,116.8421053,116.0526316,111.7105263,112.8238342,111.0103627,109.8445596,107.7720207,108.6787565,109.0673575,108.4196891,109.3264249,109.5854922,108.6787565,108.4196891,110.492228,108.2338902,109.3078759,109.4272076,109.9045346,107.7565632,110.1431981,103.7330317,108.5972851,108.4841629,107.918552,107.239819,98.19004525,96.15384615,95.92760181,88.80090498,90.49773756,88.46153846,88.00904977,86.76470588,83.71040724,81.14035088,79.16666667,79.05701754,78.39912281,78.72807018,76.53508772,76.4254386,75.43859649,75.87719298,77.96052632,76.97368421,77.63157895,74.78070175,75,75.65789474,84.84419263,81.01983003,81.44475921,77.90368272,76.48725212,72.94617564,70.39660057,67.28045326,62.46458924,62.32294618,64.30594901,61.75637394,60.76487252,62.53298153,57.12401055,57.78364116,57.3878628,56.99208443,58.97097625,60.02638522,65.17150396,65.96306069,65.69920844,65.83113456,67.81002639,71.72236504,74.16452442,78.27763496,78.14910026,80.20565553,80.59125964,92.54498715,98.20051414,94.98714653,93.05912596,93.70179949,100.2570694,107.1979434,108.4832905,106.2982005,106.5552699,105.9125964,108.2262211,111.4848485,112.8484848,112.4242424,108.6969697,103.1515152,99.39393939,97.21212121,95.63636364,95.81818182,96.6969697,97.6969697,97.3030303,94.06060606,90.81818182
경남 ,90.32258065,87.90322581,94.95967742,97.88306452,98.58870968,97.98387097,95.66532258,95.76612903,101.6129032,104.5362903,102.8225806,100.8064516,98.08467742,96.97580645,100.7056452,101.2096774,100.9072581,100.5040323,101.7964072,104.8902196,103.6926148,105.3892216,104.8902196,102.994012,104.0918164,104.3912176,105.1896208,106.5868263,105.2894212,105.2894212,105.3254438,104.5364892,106.3116371,106.1143984,105.7199211,106.3116371,104.0594059,103.8613861,104.950495,103.4653465,101.980198,101.8811881,100.2970297,99.7029703,99.7029703,99.7029703,98.51485149,95.74257426,96.23762376,95.44554455,93.66471735,93.2748538,93.37231969,92.88499025,93.07992203,93.66471735,93.95711501,92.30019493,91.796875,91.8128655,91.32553606,88.30409357,87.23196881,87.23196881,86.25730994,79.17466411,78.79078695,79.46257198,78.98272553,75.71976967,72.55278311,70.34548944,69.00191939,62.85988484,57.48560461,55.75815739,53.26295585,53.55086372,54.89220564,53.23383085,50.58043118,50.8291874,49.75124378,48.92205638,58.62354892,56.71641791,55.55555556,56.21890547,56.38474295,63.76451078,65.29126214,67.5566343,68.85113269,64.4012945,62.94498382,69.57928803,91.10032362,93.52750809,91.74757282,93.12297735,98.70550162,104.9352751,103.3980583,98.46278317,96.60194175,97.33009709,97.57281553,101.9417476,108.5968379,111.1067194,112.0948617,110.2173913,104.1106719,100.5142405,99.82213439,99.88142292,101.0869565,100.5928854,101.027668,100.256917,97.54940711,96.06719368
제주 ,100.7692308,93.07692308,80,90,91.53846154,85.38461538,84.61538462,82.30769231,81.53846154,84.61538462,83.84615385,83.84615385,84.61538462,81.53846154,80,80,80.76923077,86.92307692,98.52941176,98.52941176,94.85294118,94.85294118,91.91176471,91.91176471,91.91176471,104.4117647,106.6176471,107.3529412,113.2352941,131.6176471,140.4109589,133.5616438,130.8219178,131.5068493,134.2465753,136.3013699,146.5753425,145.890411,146.5753425,148.630137,156.1643836,154.109589,159.5890411,150,141.7808219,120.5479452,103.4246575,90.4109589,90.4109589,100.6849315,106.7073171,107.3170732,109.7560976,107.3170732,108.5365854,104.8780488,102.4390244,96.95121951,98.17073171,97.56097561,97.56097561,98.17073171,92.68292683,91.46341463,93.90243902,81.37254902,80.39215686,82.35294118,83.33333333,76.47058824,78.43137255,75.49019608,70.58823529,61.76470588,67.64705882,64.70588235,66.66666667,63.7254902,68.75,70.53571429,70.53571429,70.53571429,72.32142857,69.64285714,70.53571429,71.42857143,70.53571429,70.53571429,75.89285714,74.10714286,75,71.55172414,70.68965517,70.68965517,69.82758621,69.82758621,68.96551724,68.96551724,67.24137931,67.24137931,67.24137931,81.03448276,87.93103448,87.93103448,87.06896552,95.68965517,104.3103448,112.9310345,113.5555556,117.1111111,115.7777778,118.2222222,100.8888889,99.33333333,94.44444444,92.22222222,93.11111111,90,90.66666667,93.33333333,90.44444444,86
