,,2018년 01월,2018년 02월,2018년 03월,2018년 04월,2018년 05월,2018년 06월,2018년 07월,2018년 08월,2018년 09월,2018년 10월,2018년 11월,2018년 12월,2019년 01월,2019년 02월,2019년 03월,2019년 04월,2019년 05월,2019년 06월,2019년 07월,2019년 08월,2019년 09월,2019년 10월,2019년 11월,2019년 12월,2020년 01월,2020년 02월,2020년 03월,2020년 04월,2020년 05월,2020년 06월,2020년 07월,2020년 08월,2020년 09월,2020년 10월,2020년 11월,2020년 12월,2021년 01월,2021년 02월,2021년 03월,2021년 04월,2021년 05월,2021년 06월,2021년 07월,2021년 08월,2021년 09월,2021년 10월,2021년 11월,2021년 12월,2022년 01월,2022년 02월,2022년 03월,2022년 04월,2022년 05월,2022년 06월,2022년 07월,2022년 08월,2022년 09월,2022년 10월,2022년 11월,2022년 12월
(지역별)시도,산업_대분류,구인인원(월),구인인원(월),구인인원(월),구인인원(월),구인인원(월),구인인원(월),구인인원(월),구인인원(월),구인인원(월),구인인원(월),구인인원(월),구인인원(월),구인인원(월),구인인원(월),구인인원(월),구인인원(월),구인인원(월),구인인원(월),구인인원(월),구인인원(월),구인인원(월),구인인원(월),구인인원(월),구인인원(월),구인인원(월),구인인원(월),구인인원(월),구인인원(월),구인인원(월),구인인원(월),구인인원(월),구인인원(월),구인인원(월),구인인원(월),구인인원(월),구인인원(월),구인인원(월),구인인원(월),구인인원(월),구인인원(월),구인인원(월),구인인원(월),구인인원(월),구인인원(월),구인인원(월),구인인원(월),구인인원(월),구인인원(월),구인인원(월),구인인원(월),구인인원(월),구인인원(월),구인인원(월),구인인원(월),구인인원(월),구인인원(월),구인인원(월),구인인원(월),구인인원(월),구인인원(월)
서울 전체,,"32,517","25,676","34,677","32,280","31,094","34,085","33,111","36,327","25,304","32,921","32,065","26,944","26,398","23,384","27,114","28,504","27,156","25,212","27,377","25,277","25,559","27,722","24,370","22,782","23,011","23,087","18,609","15,964","21,002","22,233","23,050","23,479","23,536","22,450","26,970","26,651","21,094","21,972","27,611","29,599","28,308","33,513","32,287","32,796","29,561","32,417","38,563","37,678","30,556","33,990","39,463","36,857","40,854","40,269","39,482","41,804","39,357","36,988","39,259","36,618"
서울,"10차_농업, 임업 및 어업",22,111,31,14,51,30,20,15,50,22,27,3,13,15,26,23,22,35,13,21,22,21,36,17,28,9,26,19,23,24,22,40,70,23,48,15,39,13,25,24,154,70,25,114,32,31,69,46,20,95,61,73,259,49,70,88,44,44,105,29
,10차_광업,2,1,1,3,0,5,2,3,3,4,5,2,2,4,2,5,4,1,2,1,0,1,1,1,1,1,2,1,1,2,4,5,1,2,12,0,7,2,1,4,3,1,5,0,2,0,0,2,0,0,2,1,2,2,0,1,1,1,1,1
,10차_제조업,"2,211","1,615","2,493","2,090","2,031","2,236","1,898","1,975","1,748","1,936","1,715","1,275","1,566","1,351","1,668","1,811","1,546","1,321","1,477","1,467","1,497","1,640","1,423","1,051","1,360","1,319","1,236",966,"1,174","1,279","1,244","1,111","1,298","1,233","1,727","1,456","1,300","1,140","1,850","1,675","1,497","1,822","1,759","2,000","1,985","2,153","2,016","1,800","1,648","1,816","2,483","2,168","2,511","2,163","1,981","2,122","2,000","1,791","2,017","1,630"
,"10차_전기, 가스, 증기 및 공기조절 공급업",48,20,67,34,49,34,45,12,17,29,18,40,11,23,41,18,9,11,17,20,26,11,16,12,16,15,17,15,27,28,19,19,32,19,12,14,13,5,28,22,20,25,13,22,9,20,14,26,13,19,31,35,33,28,30,35,65,90,40,52
,"10차_수도, 하수 및 폐기물 처리, 원료 재생업",93,48,96,107,65,100,82,72,66,50,53,65,62,41,88,71,68,57,54,53,58,62,64,122,73,63,59,24,43,98,79,68,59,58,48,66,66,52,91,116,81,61,89,83,75,69,88,105,160,135,166,107,143,177,127,149,144,99,148,122
,10차_건설업,"2,574","2,286","2,725","2,670","2,634","3,209","2,995","2,432","1,716","2,115","2,978","2,154","2,124","1,644","2,288","2,016","2,211","2,470","2,340","1,717","2,043","2,059","1,640","1,235","1,751","1,998","2,103","1,547","1,751","2,254","1,758","1,248","2,372","1,517","2,179","1,960","2,378","1,916","2,413","2,183","2,555","2,132","2,097","1,991","1,982","1,952","2,174","2,189","2,453","2,917","3,192","3,037","2,718","2,295","2,893","2,400","2,679","1,915","3,020","1,886"
,10차_도매 및 소매업,"2,647","2,315","3,464","2,968","2,627","2,791","2,924","2,775","2,198","2,758","5,254","1,810","2,401","2,603","2,433","3,022","2,758","2,095","2,879","2,698","2,934","2,423","1,729","1,671","1,668","1,657","1,321","1,075","1,192","1,537","1,939","1,650","1,798","1,758","1,980","1,894","1,645","1,825","2,254","2,167","2,177","2,458","2,585","2,450","2,363","2,774","3,034","2,286","2,282","2,832","2,924","2,667","2,789","3,024","2,506","2,835","2,960","2,702","2,645","2,142"
,10차_운수 및 창고업,"1,068",823,"2,380","2,853","2,999","4,062","3,214","6,318","2,084","2,730","1,558","3,138","1,823","1,340","1,856","1,587","1,554","1,403",712,536,687,"2,785","1,082",418,"1,310","1,151",477,504,"2,143",878,680,"1,312","1,868","1,642","1,649","1,667","1,300","1,440","1,355","2,499","1,302","2,979","1,706","2,927","1,354","2,367","2,430","2,382","1,649","1,316","2,563","1,534","2,703","2,299","2,197","2,055","2,592","2,422","1,505","1,938"
,10차_숙박 및 음식점업,"1,166",973,"1,523","1,354","1,363","1,626","1,451","1,507","1,147","1,463","1,141",965,"1,086","1,118","1,415","1,456","1,259","1,213","1,410","1,255","1,306","1,531","1,211","1,181","1,025","1,011",618,601,762,831,"1,142",948,636,907,"1,125",675,543,720,887,"1,157","1,290","1,390","1,366","1,261","1,208","1,791","2,053","1,456","1,211","1,408","1,568","1,884","2,315","2,342","2,154","2,562","2,068","2,154","1,991","1,436"
,10차_정보통신업,"1,251",954,"1,589","1,364","1,325","1,319","1,384","2,105","1,900","1,878","1,652",896,"1,137",924,"1,219","1,255","1,402","1,130","1,258","1,460","1,024","1,255","1,065",724,"1,156",990,725,921,783,952,949,"1,195","2,028","1,600","1,962","1,346","1,350","1,329","1,525","1,912","2,075","1,693","1,843","1,936","1,936","1,759","1,945","1,518","1,538","1,962","2,367","2,364","2,276","1,954","2,156","2,319","1,926","2,207","2,047","1,743"
,10차_금융 및 보험업,614,307,369,300,330,365,400,538,340,500,388,292,369,328,384,563,535,536,315,397,573,487,309,280,290,246,416,191,374,240,337,385,361,290,232,191,260,297,454,445,369,382,498,371,266,481,597,342,407,354,605,480,528,567,511,695,579,390,450,325
,10차_부동산업,648,542,589,544,476,485,634,477,389,532,648,657,535,425,437,638,486,499,571,525,426,519,408,635,563,566,405,347,336,467,472,496,403,436,829,"1,075",600,483,617,552,623,587,601,498,516,589,"1,031","1,035",615,668,786,695,820,895,784,751,649,662,758,933
,"10차_전문, 과학 및 기술 서비스업","1,523","1,049","1,562","1,492","1,125","1,764","1,413","1,507","1,234","2,277","1,491",930,"1,300","1,233","1,213","1,343","1,228","1,304","1,344","1,131","1,314","1,403","1,292",842,988,983,927,983,"1,158","1,078","1,052","1,499","1,449","1,225","1,453","1,391","1,022","1,158","1,519","1,946","1,643","1,854","1,909","1,781","1,705","1,857","2,235","1,746","1,711","1,676","1,877","2,046","2,032","2,278","2,002","2,113","2,325","1,993","2,108","1,624"
,"10차_사업시설 관리, 사업 지원 및 임대 서비스업","7,362","6,560","8,537","7,514","7,072","7,668","7,387","7,326","5,844","7,975","6,545","6,635","5,204","4,554","6,263","5,988","6,166","5,436","5,927","6,026","6,076","5,339","4,639","6,445","4,557","5,015","4,263","3,278","3,997","4,868","5,499","5,231","4,195","4,392","5,400","7,122","4,654","4,975","6,482","6,964","6,303","8,426","7,975","7,307","6,991","7,407","8,737","11,339","7,290","8,262","9,821","9,097","10,135","10,996","11,003","12,633","10,507","10,743","10,890","11,660"
,"10차_공공행정, 국방 및 사회보장 행정","1,433",451,436,237,156,204,184,210,107,215,167,269,591,121,339,195,137,114,184,140,390,406,496,242,443,415,174,198,"1,314",339,421,294,562,543,370,484,260,250,294,319,427,408,264,897,385,336,"1,841",585,476,528,559,425,388,374,280,206,501,280,"1,287",957
,10차_교육 서비스업,959,950,877,893,875,"1,047","1,227","1,106",790,"1,240","1,192","1,168",843,854,830,840,673,918,942,833,781,730,823,762,725,843,409,324,456,536,748,"1,675",629,594,822,733,737,776,818,784,826,"1,026","1,056","1,145",831,"1,260",919,"1,231","1,055","1,208","1,202",964,"1,038",884,"1,000",989,847,814,967,869
,10차_보건업 및 사회복지 서비스업,"3,337","2,551","2,942","2,961","3,503","2,947","3,340","3,131","2,308","3,150","3,113","2,923","3,215","2,808","2,838","3,321","3,119","2,812","3,574","3,105","2,856","3,367","4,603","3,626","3,453","3,358","2,281","2,178","2,791","3,555","3,591","3,451","2,749","3,490","3,996","3,631","2,811","3,333","4,491","4,267","4,539","5,439","5,312","5,158","5,022","4,977","6,285","6,336","5,067","5,761","6,115","5,939","6,644","6,671","6,749","7,104","6,645","6,243","6,835","6,583"
,"10차_예술, 스포츠 및 여가관련 서비스업",256,143,281,179,232,178,198,240,120,183,180,123,212,325,271,180,116,156,161,128,145,120,148,115,220,216,171,91,147,73,102,129,139,116,193,109,203,405,214,205,218,202,187,224,220,209,281,209,287,553,283,322,284,310,221,243,201,274,208,257
,"10차_협회 및 단체, 수리 및 기타 개인 서비스업","1,042",750,938,925,743,782,768,777,645,875,624,676,717,"1,172",724,913,665,759,781,753,637,763,683,684,627,525,569,461,468,510,627,677,820,743,799,746,644,745,922,814,975,"1,001","1,399","1,177","1,329","1,071","1,349","1,512","1,384","1,304","1,581","1,654","1,822","1,641","1,370","1,086","1,363",928,923,"1,149"
,10차_가구 내 고용활동 및 달리 분류되지 않은 자가소비 생산활동,"4,249","3,217","3,769","3,765","3,426","3,222","3,537","3,798","2,595","2,988","3,316","2,923","3,185","2,500","2,778","3,257","3,196","2,939","3,415","3,010","2,763","2,799","2,701","2,718","2,753","2,705","2,410","2,239","2,061","2,684","2,365","2,046","2,064","1,862","2,134","2,076","1,260","1,108","1,371","1,538","1,228","1,557","1,594","1,454","1,350","1,314","1,465","1,530","1,288","1,176","1,277","1,363","1,411","1,318","1,442","1,416","1,258","1,235","1,312","1,280"
,10차_국제 및 외국기관,12,10,8,13,12,11,8,3,3,1,0,0,2,1,1,2,2,3,1,1,1,1,1,1,4,1,0,1,1,0,0,0,3,0,0,0,2,0,0,6,3,0,4,0,0,0,0,3,2,0,0,2,3,2,6,2,3,1,2,2
부산 전체,,"12,869","10,829","12,439","11,106","11,600","12,104","11,183","11,518","8,882","12,388","11,669","9,751","9,633","8,790","9,964","10,891","11,625","10,178","10,181","9,063","13,191","11,096","11,140","11,279","10,197","9,859","7,697","6,467","8,384","9,697","9,515","9,891","8,522","10,452","10,445","11,516","9,773","9,647","12,987","12,368","13,116","15,044","13,442","13,623","13,191","14,389","16,861","16,388","13,959","14,925","16,250","16,143","17,276","16,999","16,476","18,518","17,459","16,024","16,775","15,634"
부산,"10차_농업, 임업 및 어업",194,105,186,139,134,177,142,128,107,189,111,118,193,103,159,124,111,155,116,128,133,127,121,84,52,27,19,19,63,62,41,46,24,34,38,32,23,83,53,38,42,30,29,27,55,32,47,31,57,33,49,72,25,46,108,54,93,44,55,44
,10차_광업,4,1,3,2,2,2,2,0,1,1,0,1,0,0,0,1,0,0,2,0,2,1,2,1,0,0,0,0,0,0,0,0,0,3,0,2,0,3,2,3,1,2,0,0,1,0,3,0,0,1,0,1,7,2,2,4,5,5,5,5
,10차_제조업,"3,501","2,910","3,710","3,379","3,435","3,764","3,361","3,525","2,871","3,842","3,313","2,504","2,782","2,761","3,152","3,016","3,062","2,807","2,585","2,526","3,195","3,208","2,492","2,290","2,533","2,697","2,398","1,659","1,793","2,005","2,109","2,501","2,300","3,133","2,861","2,692","3,178","3,013","4,272","3,825","3,881","4,224","3,610","4,045","3,905","4,403","4,636","4,150","4,248","4,532","5,111","5,322","5,456","5,097","5,373","5,688","5,394","4,987","5,034","3,903"
,"10차_전기, 가스, 증기 및 공기조절 공급업",19,20,35,26,35,17,21,27,19,26,25,21,15,12,20,34,115,9,10,16,14,25,21,8,14,22,13,12,15,17,16,16,9,13,11,9,6,19,20,23,15,17,8,7,7,13,12,11,7,16,18,20,15,11,17,15,15,17,43,16
,"10차_수도, 하수 및 폐기물 처리, 원료 재생업",55,60,95,70,86,76,50,46,21,36,60,48,32,26,43,30,46,55,53,48,40,37,38,52,36,32,40,33,39,47,42,63,49,53,60,65,54,43,59,69,92,71,58,60,65,55,80,149,59,65,83,85,117,82,101,88,65,73,73,87
,10차_건설업,986,553,986,660,718,818,870,857,512,946,785,540,652,514,592,668,725,688,664,450,792,605,660,702,732,714,590,616,432,539,602,541,471,612,600,689,669,574,845,759,828,827,648,814,662,810,699,933,758,872,"1,022",928,910,940,833,839,870,788,820,835
,10차_도매 및 소매업,"1,049",877,"1,047",972,"1,028",978,918,996,779,"1,187","1,003",638,730,826,824,915,931,733,783,703,784,841,730,648,680,728,518,498,669,657,557,624,500,883,763,735,611,681,954,878,934,"1,122","1,022","1,173","1,195","1,229","1,117","1,056",954,"1,144","1,298","1,139","1,144","1,260","1,004","1,316","1,324","1,098","1,134",880
,10차_운수 및 창고업,231,198,231,348,294,262,195,174,186,499,234,138,152,164,178,191,266,230,201,167,232,209,186,187,213,214,134,93,149,181,117,158,151,225,175,168,174,157,276,245,254,318,320,318,371,385,493,395,279,336,367,422,498,449,508,515,504,636,548,407
,10차_숙박 및 음식점업,323,283,384,400,505,448,332,418,269,350,464,165,146,199,257,356,350,305,355,341,451,342,337,228,199,234,60,149,224,259,232,271,145,281,197,101,80,163,261,255,379,571,435,335,355,584,596,349,317,362,458,584,754,585,613,818,605,721,570,381
,10차_정보통신업,104,93,125,111,146,229,120,134,126,128,160,98,115,88,101,113,98,72,101,104,142,151,84,125,92,108,99,85,67,100,103,98,112,172,134,106,170,125,156,147,169,128,166,119,140,235,204,149,206,152,138,193,202,179,149,275,192,264,286,108
,10차_금융 및 보험업,111,71,175,91,94,110,106,207,73,66,161,64,46,58,139,113,124,108,71,58,159,182,75,76,68,60,56,63,113,59,61,57,97,53,83,112,65,84,138,173,101,89,148,130,73,118,145,79,62,125,65,89,51,47,44,91,107,50,66,78
,10차_부동산업,244,227,231,181,208,208,228,219,165,154,162,218,143,151,226,174,166,158,152,149,166,151,181,236,134,213,173,138,99,181,147,155,138,112,95,196,111,114,239,365,323,192,181,161,135,132,172,239,148,182,200,184,197,227,196,201,161,156,153,262
,"10차_전문, 과학 및 기술 서비스업",335,285,349,318,325,387,409,451,298,375,386,296,240,267,294,449,399,345,425,339,411,385,324,296,305,325,270,256,225,386,443,346,284,345,431,497,291,367,446,567,409,534,516,591,434,457,555,450,427,530,479,516,560,595,558,675,517,654,577,395
,"10차_사업시설 관리, 사업 지원 및 임대 서비스업","1,179",852,"1,135","1,188","1,374","1,295","1,222","1,282",945,"1,233","1,326","1,198",715,661,822,"1,027",834,"1,034",929,757,"2,732","1,009",774,"1,104",713,654,602,469,615,900,867,770,640,796,686,"1,063",598,712,834,833,892,"1,240","1,200",883,"1,096","1,215","1,261","1,690","1,158","1,082","1,464","1,457","1,528","1,661","1,517","1,875","1,651","1,625","1,485","1,944"
,"10차_공공행정, 국방 및 사회보장 행정",738,"1,197",379,281,287,274,190,182,201,252,572,709,587,322,385,478,616,318,377,286,634,207,391,948,847,420,382,285,955,637,389,759,294,303,415,"1,056",537,314,537,543,689,632,309,465,548,356,"1,020","1,032",849,677,695,388,782,514,314,350,652,186,754,718
,10차_교육 서비스업,460,468,435,408,348,411,349,333,243,365,296,317,617,375,408,390,452,394,454,367,359,359,396,640,479,442,214,142,290,457,355,285,271,285,373,275,317,335,409,327,334,665,428,328,319,356,976,438,448,452,459,468,515,615,552,577,547,480,559,625
,10차_보건업 및 사회복지 서비스업,"2,633","2,049","2,237","1,991","2,005","1,997","2,026","1,987","1,669","2,117","2,089","2,141","2,048","1,908","1,972","2,293","2,719","2,108","2,254","2,079","2,275","2,505","3,647","3,057","2,500","2,421","1,644","1,534","2,133","2,663","2,755","2,637","2,443","2,502","2,899","3,083","2,401","2,334","2,811","2,723","3,011","3,535","3,617","3,624","3,166","3,428","4,080","4,587","3,414","3,727","3,655","3,542","3,787","3,916","3,967","4,320","4,018","3,660","3,972","4,378"
,"10차_예술, 스포츠 및 여가관련 서비스업",46,84,92,106,149,150,106,67,58,114,71,91,83,79,91,89,162,115,73,56,66,66,70,74,69,74,55,34,54,75,134,79,68,74,89,67,40,141,149,107,208,249,212,60,158,83,253,88,116,108,133,114,139,76,97,194,109,110,118,90
,"10차_협회 및 단체, 수리 및 기타 개인 서비스업",371,255,423,343,326,384,397,353,243,375,295,301,226,185,189,311,278,336,351,278,403,484,391,313,357,298,305,261,311,325,397,318,327,408,354,374,300,253,346,303,365,440,370,333,372,361,362,409,331,467,554,619,589,697,523,623,630,470,523,478
,10차_가구 내 고용활동 및 달리 분류되지 않은 자가소비 생산활동,286,241,180,92,100,117,139,132,96,133,156,145,111,91,112,119,171,208,225,211,201,202,220,210,174,175,125,121,137,146,148,166,199,165,179,194,148,132,179,184,188,158,165,150,134,137,148,153,121,62,2,0,0,0,0,0,0,0,0,0
,10차_국제 및 외국기관,0,0,1,0,1,0,0,0,0,0,0,0,0,0,0,0,0,0,0,0,0,0,0,0,0,1,0,0,1,1,0,1,0,0,2,0,0,0,1,1,1,0,0,0,0,0,2,0,0,0,0,0,0,0,0,0,0,0,0,0
대구 전체,,"8,347","6,839","8,496","7,618","7,788","7,078","7,285","7,030","6,073","7,889","6,573","5,750","6,025","5,884","6,473","6,537","6,241","5,270","5,702","5,437","5,561","6,598","6,595","5,308","5,283","5,146","4,382","3,802","4,230","5,574","6,861","6,282","6,218","7,088","7,220","7,748","6,625","6,645","8,382","7,991","7,897","8,679","8,232","9,340","8,033","9,030","9,545","9,513","8,407","9,643","10,702","9,706","9,987","10,489","9,421","10,258","10,520","8,947","10,267","8,806"
대구,"10차_농업, 임업 및 어업",13,4,16,14,27,59,12,8,11,84,18,14,4,9,7,11,33,30,2,9,7,20,17,4,10,13,7,4,4,31,3,7,3,6,12,18,5,3,12,18,20,13,15,9,11,20,16,11,14,8,11,10,15,11,22,11,17,23,7,8
,10차_광업,2,2,0,1,6,3,0,0,4,0,0,0,0,1,4,3,0,0,2,1,2,5,2,0,0,2,1,0,0,0,0,1,0,9,1,6,0,0,0,0,1,1,1,2,2,0,2,0,2,2,2,13,14,15,15,13,20,7,1,0
,10차_제조업,"2,970","2,561","3,749","3,380","3,385","3,241","2,900","2,716","2,548","3,148","2,426","2,072","2,379","2,291","2,582","2,627","2,401","2,168","2,097","2,038","2,163","2,110","1,792","1,705","1,834","2,008","1,762","1,159","1,170","1,501","1,810","2,074","2,296","2,514","2,571","2,647","2,778","2,624","3,516","3,120","2,942","3,111","3,077","3,271","2,894","3,160","3,116","3,159","3,224","3,697","4,418","3,861","3,832","3,968","3,542","3,748","4,375","3,367","3,669","2,803"
,"10차_전기, 가스, 증기 및 공기조절 공급업",16,15,17,15,91,24,25,37,264,31,12,22,22,22,17,30,12,15,5,14,23,28,18,25,21,12,18,12,22,11,5,20,7,17,6,13,17,20,14,31,20,40,32,25,19,19,12,33,17,30,22,45,22,27,10,29,21,43,15,16
,"10차_수도, 하수 및 폐기물 처리, 원료 재생업",25,27,33,39,20,15,30,24,20,40,40,17,73,26,24,34,28,28,13,10,22,17,12,22,82,33,10,12,105,3,11,10,16,28,23,36,89,29,64,53,37,53,33,95,25,40,47,139,95,63,60,146,63,57,58,63,54,33,95,40
,10차_건설업,531,401,532,519,521,478,517,528,376,635,613,297,433,376,437,372,405,436,431,407,533,602,392,319,400,393,348,310,317,507,505,398,352,705,396,468,401,494,580,533,406,653,446,526,427,542,480,507,441,535,534,599,610,604,561,569,494,489,377,423
,10차_도매 및 소매업,809,612,724,676,644,545,838,664,498,752,531,397,470,541,528,542,523,424,405,483,481,584,431,388,358,441,249,265,336,428,361,370,353,397,460,481,462,467,582,583,585,657,572,639,656,677,753,675,572,708,711,644,643,731,593,667,772,601,635,501
,10차_운수 및 창고업,95,56,98,112,112,78,93,86,99,155,93,62,62,71,79,63,115,49,70,50,41,68,51,42,61,46,38,59,42,50,31,72,73,70,68,50,82,58,78,47,59,60,32,43,44,209,99,62,68,80,185,65,242,152,194,77,265,230,301,115
,10차_숙박 및 음식점업,210,153,195,222,150,194,184,202,140,184,147,137,121,142,258,202,175,131,193,128,127,143,103,77,91,54,39,44,91,142,139,119,146,122,151,122,55,83,106,131,186,186,191,188,198,226,246,217,139,237,222,220,250,261,159,222,177,247,215,268
,10차_정보통신업,128,124,94,110,137,78,100,77,54,115,100,63,121,89,133,111,94,71,85,131,65,144,111,51,89,65,74,50,51,67,79,95,94,88,91,85,86,113,106,100,90,112,84,127,102,174,200,112,138,164,173,115,144,296,128,261,203,102,130,100
,10차_금융 및 보험업,39,58,51,32,48,49,41,39,39,31,68,37,32,37,57,56,31,14,19,48,19,73,35,39,30,25,38,85,35,62,36,28,17,196,31,12,23,27,53,46,42,30,38,67,40,47,50,30,44,38,41,48,25,22,33,45,41,28,19,37
,10차_부동산업,37,53,53,50,73,75,93,51,44,48,36,58,35,47,59,112,109,83,62,30,52,65,40,37,45,48,46,29,17,39,33,31,36,26,32,46,27,37,36,51,54,57,79,45,33,68,57,60,41,29,85,81,51,86,55,63,51,42,55,62
,"10차_전문, 과학 및 기술 서비스업",187,162,186,229,172,219,217,258,179,237,198,144,149,158,140,225,185,156,250,179,177,174,192,134,149,151,127,126,133,208,"1,318",228,213,169,219,182,201,166,220,245,177,255,282,312,294,309,281,233,226,288,338,258,244,392,242,329,313,278,300,262
,"10차_사업시설 관리, 사업 지원 및 임대 서비스업",586,586,646,643,754,641,578,481,433,646,695,506,383,393,638,597,617,369,434,361,368,572,561,584,377,345,410,385,360,546,460,625,601,552,565,710,535,572,804,696,886,758,809,"1,242",773,850,866,"1,123",686,753,939,910,"1,070",965,870,"1,028",919,839,"1,038",927
,"10차_공공행정, 국방 및 사회보장 행정",862,311,449,91,30,65,130,51,23,39,40,406,82,280,82,60,95,27,14,90,46,139,67,88,43,34,173,147,38,51,107,68,124,34,26,396,41,46,34,108,19,29,12,56,49,42,32,321,135,91,109,46,44,86,16,62,17,57,94,135
,10차_교육 서비스업,335,397,248,200,280,164,228,216,214,224,266,190,253,192,227,198,150,130,165,197,118,143,227,233,249,203,92,106,132,144,186,186,206,164,174,171,208,227,264,250,218,257,198,254,189,254,247,197,282,357,284,260,201,256,301,348,162,195,202,196
,10차_보건업 및 사회복지 서비스업,"1,331","1,091","1,178","1,047","1,116",969,"1,109","1,341",935,"1,296","1,129","1,199","1,205","1,037","1,017","1,098","1,136",978,"1,257","1,116","1,189","1,567","2,431","1,437","1,259","1,133",845,884,"1,300","1,635","1,629","1,705","1,586","1,808","2,266","2,155","1,472","1,493","1,761","1,788","2,006","2,263","2,184","2,261","2,116","2,135","2,868","2,439","2,050","2,316","2,343","2,205","2,335","2,329","2,451","2,545","2,436","2,222","2,919","2,672"
,"10차_예술, 스포츠 및 여가관련 서비스업",61,46,93,82,85,56,83,68,80,43,38,26,75,52,54,44,25,39,31,21,39,38,35,33,84,37,35,37,14,49,30,39,23,25,33,34,55,43,42,38,52,46,28,44,24,55,26,23,94,64,45,40,58,57,24,27,31,33,51,51
,"10차_협회 및 단체, 수리 및 기타 개인 서비스업",101,163,121,141,124,114,98,170,104,164,112,89,108,112,120,144,98,116,160,118,85,106,78,90,101,103,70,88,63,96,99,191,72,158,95,115,88,143,110,153,95,96,117,132,120,183,136,170,137,181,178,138,123,172,146,150,149,110,143,189
,10차_가구 내 고용활동 및 달리 분류되지 않은 자가소비 생산활동,9,17,13,15,13,11,9,13,8,17,11,14,18,8,10,8,9,6,7,6,4,0,0,0,0,0,0,0,0,4,19,15,0,0,0,1,0,0,0,0,2,2,2,2,17,20,11,2,2,2,2,2,1,2,1,1,3,1,1,1
인천 전체,,"12,999","9,880","13,223","11,781","11,144","12,275","10,530","11,365","9,264","11,310","9,694","8,654","8,785","7,978","10,070","9,418","9,741","8,446","8,584","8,168","8,314","8,728","8,098","8,589","8,315","8,340","7,183","6,132","7,073","7,751","8,810","9,043","8,596","9,344","9,865","9,784","10,829","9,190","13,414","12,452","12,661","14,665","12,759","13,441","12,716","13,324","15,019","14,701","13,041","13,856","16,839","15,330","16,001","15,981","15,390","14,780","16,022","13,699","14,800","12,086"
인천,"10차_농업, 임업 및 어업",215,30,169,62,52,97,88,53,37,28,45,139,114,27,155,61,33,118,93,69,81,29,34,153,64,75,103,27,73,74,85,70,68,37,44,33,307,97,84,181,60,62,110,54,277,16,40,219,137,86,71,216,33,180,113,58,188,40,252,40
,10차_광업,8,1,8,3,4,7,0,1,2,1,4,0,3,4,0,4,1,3,5,14,1,9,6,6,2,6,3,3,3,3,2,6,6,5,7,4,2,1,6,6,1,2,5,2,0,1,0,3,3,1,7,1,2,1,1,0,2,8,3,0
,10차_제조업,"5,439","4,151","6,334","5,164","4,961","5,490","4,223","4,627","4,154","4,600","3,937","3,274","3,331","3,187","4,269","3,674","3,243","3,213","3,092","2,972","3,297","3,336","2,786","2,615","2,818","3,340","2,982","2,237","2,462","2,610","3,026","3,404","3,005","3,779","3,776","3,540","4,921","4,159","6,141","5,185","4,950","5,640","4,880","5,857","5,211","5,718","5,982","5,568","5,126","5,770","7,480","6,491","6,634","6,733","5,739","5,700","6,909","5,223","5,565","3,804"
,"10차_전기, 가스, 증기 및 공기조절 공급업",36,51,53,41,51,47,33,332,35,22,22,17,30,12,34,19,27,16,21,16,18,13,4,8,6,6,7,7,4,7,8,21,16,32,9,9,14,8,12,10,9,11,10,7,5,10,12,16,15,21,13,9,20,15,15,29,24,24,15,8
,"10차_수도, 하수 및 폐기물 처리, 원료 재생업",174,123,145,153,144,118,140,141,81,138,150,109,125,105,111,112,105,124,104,102,98,123,64,83,105,88,119,88,103,86,116,88,110,102,129,150,149,153,225,192,184,210,218,141,272,148,170,128,161,187,220,197,238,205,319,167,214,148,149,149
,10차_건설업,608,573,708,896,783,"1,064",596,535,552,624,463,442,448,623,586,543,564,430,492,386,370,406,462,727,584,478,364,630,420,537,427,389,418,469,406,386,515,449,671,661,558,605,597,517,504,453,618,781,771,747,"1,003",854,802,781,742,582,730,506,558,564
,10차_도매 및 소매업,851,683,906,806,762,804,757,770,615,839,674,586,554,536,629,613,507,546,617,565,588,643,611,450,487,560,436,359,554,599,510,574,588,684,607,529,637,570,950,815,744,925,838,906,927,987,960,912,830,839,946,913,982,958,867,958,899,952,855,589
,10차_운수 및 창고업,622,315,373,374,392,402,524,570,424,510,406,278,568,200,269,303,"1,603",328,234,261,260,312,278,175,186,180,155,178,181,180,264,180,215,207,243,190,302,212,342,369,714,"1,050",478,514,342,740,381,380,469,423,469,534,445,407,642,484,586,649,771,297
,10차_숙박 및 음식점업,264,281,423,284,276,395,281,413,365,393,237,184,194,184,278,298,340,249,332,347,329,308,282,197,172,139,156,132,160,191,169,182,138,211,177,120,121,160,218,283,288,339,300,331,328,353,395,284,244,299,392,417,470,450,419,516,445,438,351,265
,10차_정보통신업,84,64,86,110,63,67,70,73,68,130,76,39,61,58,73,60,61,72,66,59,37,49,42,27,61,64,64,59,33,77,123,57,88,65,249,55,72,96,160,142,96,123,125,91,185,133,226,117,95,146,260,122,129,78,104,109,106,83,65,59
,10차_금융 및 보험업,9,10,9,9,14,15,21,16,12,21,23,10,7,7,8,13,20,11,7,18,9,18,27,23,8,15,24,10,3,4,6,4,7,11,14,9,14,13,8,13,3,3,15,14,5,10,15,8,4,15,20,9,12,13,19,14,20,10,15,8
,10차_부동산업,130,95,139,122,90,127,144,142,96,82,130,161,107,94,123,107,146,152,134,113,128,109,151,155,112,103,91,80,74,135,90,95,137,110,172,175,136,96,110,148,105,135,157,153,112,150,208,260,141,119,168,182,211,212,212,166,162,142,139,212
,"10차_전문, 과학 및 기술 서비스업",207,186,234,230,214,246,245,230,158,233,197,136,185,169,252,230,231,262,239,259,188,314,204,166,380,216,154,164,201,181,650,437,846,228,240,215,170,161,221,295,263,287,294,359,268,278,283,314,220,263,466,290,303,352,315,294,371,358,247,254
,"10차_사업시설 관리, 사업 지원 및 임대 서비스업",899,985,"1,056","1,028",722,"1,186",807,930,747,"1,220",878,"1,054",786,714,961,894,727,724,658,631,570,592,604,955,796,599,579,408,495,597,575,630,485,585,634,"1,037",933,583,850,"1,049",953,"1,363","1,102",950,745,824,916,"1,224","1,019","1,027","1,058","1,099","1,253","1,190","1,569","1,109","1,005","1,037","1,063","1,389"
,"10차_공공행정, 국방 및 사회보장 행정",856,364,133,154,449,62,96,149,83,66,180,53,59,115,135,101,29,90,64,100,33,90,161,73,122,64,132,228,169,56,152,264,226,31,114,518,48,35,39,89,75,86,57,60,37,28,540,229,132,96,316,71,74,52,64,53,61,44,475,160
,10차_교육 서비스업,206,217,189,171,148,145,206,157,151,169,211,121,185,305,193,131,149,128,130,138,119,130,106,178,250,218,98,81,162,111,144,117,103,128,151,122,218,207,402,161,651,295,194,216,169,191,227,197,258,324,283,280,278,221,228,244,235,203,219,218
,10차_보건업 및 사회복지 서비스업,"2,081","1,560","1,948","1,891","1,795","1,729","2,080","1,994","1,480","1,920","1,839","1,845","1,844","1,469","1,715","1,993","1,786","1,797","2,128","1,946","2,000","1,969","2,112","2,410","1,957","1,981","1,526","1,306","1,804","2,130","2,240","2,335","1,968","2,446","2,687","2,480","2,067","1,958","2,665","2,606","2,766","3,261","3,134","3,021","3,109","3,038","3,758","3,706","3,126","3,179","3,301","3,240","3,705","3,740","3,698","3,945","3,694","3,449","3,760","3,671"
,"10차_예술, 스포츠 및 여가관련 서비스업",19,29,38,19,20,43,24,19,43,47,29,12,36,19,20,17,38,25,26,11,24,32,22,32,23,18,14,20,20,14,27,32,23,24,31,15,22,34,45,26,43,56,28,38,38,33,47,45,46,64,52,75,76,73,51,56,55,63,47,62
,"10차_협회 및 단체, 수리 및 기타 개인 서비스업",290,162,271,262,202,228,195,213,161,267,193,194,148,150,259,245,131,158,142,161,164,246,142,155,181,186,176,115,151,159,196,158,149,190,172,197,181,198,264,218,198,209,215,209,182,213,241,308,244,249,314,330,334,320,272,296,316,322,241,337
,10차_가구 내 고용활동 및 달리 분류되지 않은 자가소비 생산활동,1,0,1,2,2,3,0,0,0,0,0,0,0,0,0,0,0,0,0,0,0,0,0,1,1,4,0,0,1,0,0,0,0,0,3,0,0,0,1,3,0,3,2,1,0,0,0,2,0,1,0,0,0,0,1,0,0,0,10,0
광주 전체,,"5,495","4,665","5,522","5,118","5,198","4,688","4,641","4,719","4,219","5,833","5,304","4,413","4,781","4,075","4,842","4,839","4,624","4,320","4,626","3,867","4,119","3,871","4,203","3,987","4,190","4,359","3,652","3,038","3,019","4,081","3,852","4,492","4,369","4,595","5,392","6,010","4,863","5,975","6,560","6,245","5,266","6,490","6,079","5,687","5,677","6,227","6,749","6,945","5,427","5,926","6,798","5,816","6,354","5,754","5,279","5,541","5,393","5,173","5,685","6,135"
광주,"10차_농업, 임업 및 어업",32,10,30,7,10,2,9,7,13,10,6,17,10,14,20,17,20,6,17,7,21,14,9,20,21,7,13,4,9,12,7,26,12,13,11,19,6,10,24,22,15,10,3,32,14,6,2,14,20,3,20,22,27,36,51,14,34,13,31,11
,10차_광업,2,0,0,0,0,3,1,0,0,2,1,0,1,0,0,0,0,0,0,0,0,0,0,0,0,0,0,0,3,0,0,0,0,1,0,0,0,0,0,1,0,0,0,0,0,0,0,0,0,0,0,1,0,0,0,0,0,0,0,1
,10차_제조업,"1,581","1,253","1,718","1,460","1,262","1,466","1,336","1,422","1,358","1,260","1,105","1,087","1,308","1,196","1,531","1,315","1,228","1,325","1,243","1,090","1,106","1,022",961,907,974,"1,126","1,037",705,734,"1,010","1,205","1,336","1,311","1,340","1,466","1,215","1,742","2,721","2,239","2,097","1,793","2,128","1,755","1,850","1,715","1,695","1,758","1,796","1,740","1,740","2,259","1,812","1,943","1,822","1,517","1,494","1,663","1,565","1,542","1,085"
,"10차_전기, 가스, 증기 및 공기조절 공급업",27,15,22,17,24,19,10,5,14,8,14,9,12,20,11,21,13,15,13,13,26,37,39,22,16,13,38,21,18,17,13,15,7,15,13,25,20,17,18,21,23,13,27,20,18,31,27,20,23,19,24,21,24,37,22,19,13,19,14,15
,"10차_수도, 하수 및 폐기물 처리, 원료 재생업",18,18,24,13,9,14,12,23,6,29,7,16,14,15,17,12,16,25,9,4,12,6,13,42,11,21,12,5,13,9,7,11,11,16,16,23,12,12,14,34,16,24,10,18,27,22,18,27,24,19,16,15,17,30,20,17,23,11,18,11
,10차_건설업,609,450,713,781,867,570,527,578,553,586,757,379,557,471,695,661,594,625,725,388,714,460,575,540,471,696,510,547,423,587,467,532,409,518,600,745,463,682,998,883,513,853,"1,166",503,654,"1,065","1,036",729,647,828,825,753,859,649,619,579,530,500,635,442
,10차_도매 및 소매업,376,376,435,462,435,438,453,458,314,405,340,323,295,243,351,368,325,335,277,255,206,292,216,232,267,283,282,227,242,313,242,263,246,386,347,300,285,313,435,436,394,431,421,427,469,457,462,385,337,432,406,412,506,475,431,449,393,364,347,281
,10차_운수 및 창고업,36,46,88,70,72,24,48,61,22,88,53,23,32,38,63,44,59,45,38,49,35,58,92,50,124,64,41,24,26,51,53,52,41,89,31,29,40,69,77,72,70,68,80,65,72,107,94,76,57,178,120,60,133,108,119,82,150,190,118,66
,10차_숙박 및 음식점업,49,39,53,57,68,64,79,84,59,75,37,46,49,43,63,45,52,33,30,44,45,79,26,35,47,29,34,27,48,50,33,42,32,74,44,48,35,62,48,86,65,100,69,125,103,114,104,119,66,74,89,78,100,104,118,141,90,92,164,52
,10차_정보통신업,100,89,91,109,71,76,91,51,80,78,47,77,74,60,62,45,83,58,86,96,107,51,72,83,63,67,54,55,44,73,57,123,118,106,123,84,83,88,275,152,146,155,96,141,107,154,122,121,99,117,129,120,138,135,157,198,132,115,112,146
,10차_금융 및 보험업,16,23,39,22,38,16,39,39,9,23,20,14,34,23,28,36,30,22,52,19,28,45,17,19,37,34,30,25,11,18,20,12,6,35,39,13,15,37,18,24,26,24,35,19,35,24,268,30,22,22,35,24,15,5,27,16,22,6,33,11
,10차_부동산업,31,25,33,35,49,32,87,28,28,26,32,24,34,28,30,36,50,32,56,20,23,18,15,21,15,35,24,18,50,40,30,51,24,28,85,30,20,58,33,50,16,27,42,50,47,104,35,46,38,49,44,54,43,44,61,29,29,36,51,88
,"10차_전문, 과학 및 기술 서비스업",212,184,193,213,241,293,217,254,216,277,231,165,194,152,245,236,233,214,226,191,211,196,236,128,196,180,175,154,117,270,172,170,289,203,172,178,174,158,269,238,162,251,268,277,278,231,298,248,205,231,219,266,188,282,233,258,234,204,214,163
,"10차_사업시설 관리, 사업 지원 및 임대 서비스업",388,354,369,404,296,303,268,225,178,314,232,215,200,261,204,208,198,211,297,151,143,207,185,290,181,195,128,100,149,218,191,410,246,178,148,319,245,278,293,347,307,350,307,338,401,429,462,394,283,267,543,289,488,334,366,334,380,355,335,387
,"10차_공공행정, 국방 및 사회보장 행정",165,120,113,65,66,58,74,38,42,39,41,16,135,4,14,44,45,23,17,39,24,24,44,83,47,27,83,45,23,14,10,11,45,42,27,428,20,15,69,107,27,41,14,11,25,19,110,368,15,70,157,82,35,127,16,16,69,47,13,467
,10차_교육 서비스업,168,171,141,175,110,140,130,169,77,107,131,124,152,148,121,149,108,107,109,109,120,99,111,135,179,137,117,113,59,142,108,135,204,135,152,180,190,122,208,160,161,227,144,175,125,154,231,339,237,217,214,162,201,160,185,175,170,166,210,253
,10차_보건업 및 사회복지 서비스업,479,389,379,291,402,320,360,367,283,441,283,541,407,343,306,441,421,360,442,385,398,289,754,509,573,518,349,284,321,400,284,339,305,407,469,"1,241",546,455,485,499,629,760,621,634,655,708,670,"1,146",738,689,615,582,636,653,559,642,678,651,778,"1,351"
,"10차_예술, 스포츠 및 여가관련 서비스업",27,21,30,21,19,19,29,23,12,15,67,16,28,29,13,21,22,16,30,12,27,21,8,20,20,13,14,7,19,12,13,24,14,19,17,15,24,37,35,22,25,22,34,18,33,33,35,16,13,39,36,31,20,47,14,30,49,14,23,20
,"10차_협회 및 단체, 수리 및 기타 개인 서비스업",74,55,77,86,81,69,68,52,54,83,98,48,65,67,120,68,111,73,58,58,68,36,92,65,56,44,84,28,51,48,81,67,44,71,104,117,62,54,75,56,72,96,77,80,71,54,120,126,67,70,74,185,192,84,74,122,81,96,99,126
,10차_가구 내 고용활동 및 달리 분류되지 않은 자가소비 생산활동,"1,105","1,027",974,830,"1,078",762,803,835,901,"1,967","1,802","1,273","1,180",920,948,"1,072","1,016",795,901,937,805,917,738,786,892,870,627,649,659,797,859,873,"1,005",919,"1,528","1,001",881,787,947,938,806,910,910,904,828,820,897,945,796,862,973,847,789,622,690,926,653,729,948,"1,159"
대전 전체,,"2,998","2,307","3,119","2,510","2,537","2,602","2,571","3,829","1,904","3,229","2,404","2,003","2,507","2,084","2,130","2,376","2,203","2,075","2,281","2,785","1,965","2,516","2,364","1,931","2,241","2,119","1,714","1,986","2,012","2,486","2,525","2,156","3,588","3,037","2,775","3,147","2,512","2,178","3,270","2,753","2,994","3,289","3,380","3,935","3,195","3,854","3,792","3,890","3,550","4,148","4,206","3,810","4,560","3,825","4,451","4,282","4,028","3,674","3,815","3,381"
대전,"10차_농업, 임업 및 어업",13,2,12,5,6,0,7,7,3,1,19,4,9,14,26,9,10,8,20,5,18,6,5,4,4,13,18,3,3,2,8,10,75,6,2,5,13,31,17,10,7,17,5,6,6,8,4,9,17,17,24,10,3,15,4,6,7,6,7,13
,10차_광업,0,4,0,0,0,0,0,0,0,0,0,0,0,0,0,0,0,0,0,0,0,3,0,0,0,0,0,0,0,0,0,0,0,0,0,0,0,0,5,2,0,0,0,0,0,0,0,0,0,1,1,0,2,0,2,7,1,0,0,0
,10차_제조업,645,580,664,481,467,625,536,591,420,728,459,349,401,380,437,511,328,414,395,516,409,510,327,332,395,402,360,320,423,439,411,503,400,508,547,448,532,424,729,581,633,604,565,652,553,718,761,703,673,805,"1,107",787,848,923,895,"1,001",895,745,837,604
,"10차_전기, 가스, 증기 및 공기조절 공급업",16,8,8,17,3,14,8,40,11,14,26,6,29,10,19,11,10,15,15,18,12,6,6,8,19,15,13,3,9,11,9,10,8,13,30,32,15,5,7,16,6,10,4,66,21,19,28,37,7,13,19,31,23,28,6,5,3,6,9,10
,"10차_수도, 하수 및 폐기물 처리, 원료 재생업",12,16,25,24,26,14,15,19,27,12,28,11,19,27,37,22,29,14,51,14,11,7,13,16,9,9,10,11,10,13,7,9,10,8,8,14,9,8,8,12,9,12,8,4,8,8,10,9,6,7,36,10,7,6,16,19,8,7,14,3
,10차_건설업,244,191,322,363,289,283,375,209,153,421,399,203,334,311,257,261,273,342,310,304,218,241,180,181,295,297,267,250,215,490,365,230,365,428,289,236,395,220,337,334,355,316,411,341,320,337,330,324,424,361,396,441,333,317,497,566,337,333,336,320
,10차_도매 및 소매업,255,258,382,322,238,251,288,333,152,259,197,155,184,177,263,201,203,150,245,241,176,246,180,177,188,197,157,163,159,239,226,158,185,222,254,178,224,218,312,269,257,335,329,325,303,382,335,297,311,346,402,324,385,298,265,282,300,278,261,303
,10차_운수 및 창고업,72,68,51,68,84,58,66,112,40,43,63,75,87,37,24,52,25,62,38,48,22,53,9,22,104,11,20,62,40,13,165,18,14,139,42,28,30,73,42,28,22,29,43,55,39,54,42,38,25,72,41,63,24,83,37,114,40,58,41,21
,10차_숙박 및 음식점업,141,49,58,77,78,58,61,84,54,85,48,30,49,49,40,57,64,49,82,90,87,79,51,49,44,45,12,38,55,49,53,60,64,83,68,60,35,112,101,87,94,130,113,114,151,164,129,102,83,81,96,129,159,157,147,142,105,114,101,62
,10차_정보통신업,100,76,126,113,144,87,107,141,61,106,60,67,74,85,82,101,93,93,82,112,71,112,68,69,72,72,81,86,86,138,84,84,254,126,165,100,151,143,207,174,165,227,189,258,173,388,280,475,213,357,226,311,727,220,584,468,312,512,298,185
,10차_금융 및 보험업,28,77,175,66,28,21,52,11,14,28,27,7,17,83,45,16,5,25,20,27,5,16,38,13,25,18,13,78,9,6,4,10,4,7,28,4,17,13,6,15,11,7,9,9,8,19,35,18,9,8,22,18,29,23,25,27,26,14,19,3
,10차_부동산업,47,61,83,26,49,45,32,36,37,35,25,49,25,22,34,29,21,17,31,36,22,22,21,32,17,29,47,19,45,29,32,13,17,33,27,51,32,29,31,34,18,38,30,55,30,38,33,39,40,45,43,44,39,40,33,32,41,28,39,43
,"10차_전문, 과학 및 기술 서비스업",134,121,156,163,167,177,189,182,139,199,142,82,135,118,134,221,152,141,142,161,146,133,184,100,109,157,110,164,138,188,288,193,235,203,168,362,170,175,158,207,215,291,230,359,288,273,228,213,183,217,303,254,363,256,224,216,298,214,193,192
,"10차_사업시설 관리, 사업 지원 및 임대 서비스업",419,217,376,272,231,420,252,776,265,608,233,307,247,174,212,275,347,226,286,417,263,438,395,315,167,199,191,206,170,184,158,260,"1,370",554,579,474,195,245,660,312,487,346,720,642,428,675,456,504,709,727,569,640,819,663,942,538,834,586,834,602
,"10차_공공행정, 국방 및 사회보장 행정",199,124,124,54,231,67,21,433,99,97,86,117,117,74,20,91,113,68,108,48,47,43,74,24,294,48,81,235,254,50,68,18,97,190,27,393,181,24,66,87,44,158,90,297,157,88,124,46,49,271,103,67,29,80,36,21,75,39,45,24
,10차_교육 서비스업,113,126,93,100,104,89,111,193,56,155,148,101,99,77,80,62,83,71,72,121,85,133,62,97,96,106,38,60,53,48,106,195,78,90,83,76,79,89,85,69,99,102,92,96,111,82,92,95,147,153,176,87,99,108,91,114,101,72,79,93
,10차_보건업 및 사회복지 서비스업,447,262,369,292,299,329,376,565,321,367,362,359,604,369,324,378,383,290,314,554,298,402,671,408,345,394,230,226,285,535,353,320,325,351,393,585,358,292,387,397,487,578,482,545,491,508,797,811,546,488,486,479,535,525,560,620,547,555,598,794
,"10차_예술, 스포츠 및 여가관련 서비스업",17,15,25,19,26,16,17,31,13,12,14,8,10,37,15,13,7,25,18,13,18,15,15,15,16,41,17,26,19,14,15,9,13,38,9,15,22,27,40,19,14,15,15,15,27,8,7,8,16,50,42,14,53,19,9,18,16,6,19,12
,"10차_협회 및 단체, 수리 및 기타 개인 서비스업",96,52,70,48,66,46,58,65,38,59,67,73,67,40,80,66,57,65,52,60,57,50,65,69,41,65,49,36,39,38,173,56,74,38,56,86,54,50,71,100,71,74,45,96,80,80,97,157,89,126,113,100,83,64,78,86,82,100,85,97
,10차_가구 내 고용활동 및 달리 분류되지 않은 자가소비 생산활동,0,0,0,0,1,0,0,1,1,0,1,0,0,0,0,0,0,0,0,0,0,1,0,0,0,1,0,0,0,0,0,0,0,0,0,0,0,0,1,0,0,0,0,0,1,5,4,5,3,3,1,1,0,0,0,0,0,1,0,0
,10차_국제 및 외국기관,0,0,0,0,0,2,0,0,0,0,0,0,0,0,1,0,0,0,0,0,0,0,0,0,1,0,0,0,0,0,0,0,0,0,0,0,0,0,0,0,0,0,0,0,0,0,0,0,0,0,0,0,0,0,0,0,0,0,0,0
울산 전체,,"4,282","3,462","4,409","4,289","3,739","3,803","3,729","4,181","3,602","4,963","5,041","4,143","3,767","3,275","4,050","3,919","3,662","3,178","3,205","3,026","3,520","3,646","3,430","3,507","3,233","3,748","3,223","2,433","2,649","2,980","3,279","7,663","5,269","4,163","4,520","3,876","3,390","3,764","4,978","4,580","4,058","5,012","5,039","5,203","5,061","5,577","5,854","5,656","6,122","5,473","6,540","5,742","5,991","5,961","6,348","6,163","6,479","5,824","7,072","6,692"
울산,"10차_농업, 임업 및 어업",141,75,161,109,87,102,92,117,103,119,126,137,134,112,84,39,13,27,35,12,38,20,26,22,19,38,34,27,41,28,15,20,26,30,30,29,45,37,40,43,13,19,30,47,54,31,51,45,45,37,56,58,19,65,51,41,73,23,61,27
,10차_광업,3,2,7,1,2,3,1,0,0,28,1,0,1,2,28,2,0,0,7,0,0,4,0,0,0,0,0,4,0,0,1,5,4,0,4,0,0,0,1,0,1,2,5,1,0,2,3,11,1,0,12,2,0,2,0,2,1,1,0,1
,10차_제조업,"1,786","1,394","1,920","1,741","1,518","1,772","1,542","1,841","1,753","2,299","1,720","1,595","1,620","1,371","1,853","1,731","1,535","1,503","1,277","1,293","1,640","1,589","1,375","1,545","1,284","1,668","1,514",956,910,"1,150","1,083","1,161","1,370","1,496","1,722","1,487","1,490","1,473","2,267","1,993","1,755","2,027","2,156","2,472","2,416","2,851","2,803","2,420","2,354","2,445","3,419","2,483","2,807","2,889","3,017","2,959","3,430","2,985","3,647","2,814"
,"10차_전기, 가스, 증기 및 공기조절 공급업",2,7,7,18,6,8,9,7,6,6,42,2,9,4,8,2,9,27,4,3,7,21,5,10,9,12,6,18,8,2,70,15,5,9,1,12,15,8,14,24,9,17,25,22,14,29,13,22,12,9,10,31,20,19,30,13,6,8,19,5
,"10차_수도, 하수 및 폐기물 처리, 원료 재생업",68,31,44,27,15,26,20,27,15,34,19,12,32,36,28,46,49,31,25,22,16,21,14,24,29,26,21,32,17,37,24,36,32,25,24,27,38,48,44,32,15,41,38,29,34,38,45,61,41,46,50,42,44,40,35,33,33,33,40,36
,10차_건설업,351,316,321,318,299,224,367,363,235,487,629,233,202,214,237,294,245,191,234,182,245,283,196,203,212,217,197,190,330,170,426,297,360,190,174,213,217,245,307,235,258,270,394,245,250,363,361,317,358,405,409,480,504,363,440,383,383,408,398,345
,10차_도매 및 소매업,278,233,221,262,204,193,171,188,142,235,152,165,152,135,172,224,139,139,178,177,159,169,145,149,170,164,151,131,150,150,140,125,104,146,139,121,117,135,246,180,214,297,242,188,240,221,258,201,216,265,287,218,245,235,223,237,231,221,259,210
,10차_운수 및 창고업,64,75,81,60,76,76,61,106,69,73,71,69,54,63,62,83,69,63,55,77,84,66,59,63,92,64,113,36,71,52,49,111,82,113,97,109,93,108,119,119,112,130,154,98,185,97,133,146,88,192,158,153,148,159,171,190,171,169,233,132
,10차_숙박 및 음식점업,47,41,52,59,117,96,35,48,29,64,38,37,47,58,42,58,41,43,67,66,75,50,49,44,36,56,23,39,46,56,60,33,37,55,59,53,47,45,47,82,57,123,131,116,92,137,92,89,57,103,105,91,116,122,138,93,80,97,70,67
,10차_정보통신업,20,37,36,27,44,10,28,32,20,37,31,39,33,20,40,24,29,58,29,21,22,62,18,21,31,22,20,16,23,7,38,21,54,33,28,33,28,41,48,42,22,55,33,35,42,57,49,43,38,56,76,54,48,49,22,25,41,31,42,45
,10차_금융 및 보험업,9,13,19,10,3,1,1,58,1,49,920,706,7,7,4,6,15,17,4,76,1,12,4,41,8,8,7,15,9,14,4,10,50,123,23,47,2,8,94,88,9,104,10,12,53,6,6,52,11,7,12,109,62,13,6,72,15,17,6,7
,10차_부동산업,18,14,10,10,13,6,14,8,6,12,7,26,14,16,9,14,7,0,14,6,7,15,12,15,7,4,8,9,1,8,6,4,4,4,123,7,9,6,23,27,9,10,9,6,8,5,12,10,212,13,16,12,8,15,8,11,1,5,4,152
,"10차_전문, 과학 및 기술 서비스업",108,101,149,124,129,174,120,113,130,216,327,98,231,125,154,151,157,189,145,139,115,162,154,146,98,173,268,132,81,129,154,"4,626","1,909",617,237,152,139,123,169,216,165,197,170,171,194,215,268,204,485,208,235,280,229,296,259,248,260,177,241,405
,"10차_사업시설 관리, 사업 지원 및 임대 서비스업",217,248,267,311,207,203,238,203,220,222,224,191,171,213,187,118,136,139,132,105,99,108,91,171,106,89,89,92,59,94,84,138,114,221,157,196,137,181,208,191,160,226,189,253,154,180,253,345,172,218,265,274,345,280,395,238,309,226,291,336
,"10차_공공행정, 국방 및 사회보장 행정",30,24,87,199,51,25,29,11,5,18,34,24,35,15,9,30,30,61,29,7,15,16,75,51,48,31,22,12,31,29,33,31,50,18,417,93,27,348,165,45,20,7,28,47,10,22,34,17,632,23,54,56,32,19,16,81,13,20,27,482
,10차_교육 서비스업,106,68,82,67,50,56,58,116,78,105,37,81,72,75,86,55,52,43,56,48,65,36,55,99,76,254,62,34,81,72,60,64,88,53,73,75,82,90,122,105,95,144,114,133,114,109,144,105,153,152,129,131,90,100,110,103,85,80,77,103
,10차_보건업 및 사회복지 서비스업,414,269,341,326,269,242,333,248,322,351,290,390,388,269,388,271,303,238,353,270,301,310,636,342,415,316,241,220,310,354,356,346,315,337,429,547,355,361,405,433,492,561,556,578,490,569,605,828,590,577,518,586,645,628,703,723,661,598,967,814
,"10차_예술, 스포츠 및 여가관련 서비스업",21,15,20,10,20,14,16,36,27,23,7,8,13,17,7,19,23,15,19,15,14,16,8,5,21,18,7,12,14,17,16,26,16,17,25,16,22,35,22,22,30,34,35,25,24,34,34,38,31,48,34,52,44,34,34,41,33,68,32,37
,"10차_협회 및 단체, 수리 및 기타 개인 서비스업",53,65,84,47,69,49,77,66,53,92,23,34,53,61,55,51,56,40,69,33,62,43,32,82,55,51,61,37,45,66,40,45,55,48,63,52,74,23,65,45,57,84,62,108,64,71,69,70,75,108,65,60,72,64,100,52,48,64,71,77
,10차_가구 내 고용활동 및 달리 분류되지 않은 자가소비 생산활동,546,434,500,563,560,523,517,593,388,493,343,296,499,462,597,701,754,354,473,474,555,643,476,474,517,537,379,421,422,545,620,549,594,628,695,607,453,449,572,658,565,664,658,617,623,540,621,632,551,561,630,570,513,569,590,618,605,593,587,597